Workbook

Sheet 표지

Sheet 자산목록
A1: 자산목록
A3: No. | B3: 호스트명 | C3: IP | D3: OS/SW | E3: 버전 | F3: 변경버전 | G3: 자산명/용도 | H3: 설치위치 | I3: 담당자 | J3: 구분
A5: U_001 | B5: idt-gov-jenkins | C5: 10.0.0.10 | D5: Rocky Linux | E5: 8.6 | F5: - | G5: CI/CD | H5: NAVER Cloud 공공기관용 | I5: 박영규 | J5: -
A6: U_002 | B6: igt-gov-bastion | C6: 10.0.2.10 | D6: Rocky Linux | E6: 8.6 | F6: - | G6: Bastion | H6: NAVER Cloud 공공기관용 | I6: 박영규 | J6: -
A7: U_003 | B7: idt-gov-ngs | C7: 10.0.1.10 | D7: centos | E7: 7.8 | F7: - | G7: 접근제어관리 | H7: NAVER Cloud 공공기관용 | I7: 박영규 | J7: -
A8: U_004 | B8: idt-gov-pool3-w-155j | C8: 10.0.3.11 | D8: Ubuntu | E8: 20.04 | F8: - | G8: work node | H8: NAVER Cloud 공공기관용 | I8: 박영규 | J8: -
A9: U_005 | B9: idt-gov-pool4-w-158h | C9: 10.0.3.12 | D9: Ubuntu | E9: 20.04 | F9: - | G9: work node | H9: NAVER Cloud 공공기관용 | I9: 박영규 | J9: -
A10: U_006 | B10: pcespg-web-admin-55845bc69b-nxztw | C10: 198.19.245.47 | D10: Debian GNU/Linux | E10: 12 | F10: - | G10: 관리자 웹서버. 관리자 웹페이지 | H10: NAVER Cloud 공공기관용 NKS | I10: 박영규 | J10: -
A11: U_007 | B11: pcespg-web-admin-55845bc69b-p86mk | C11: 198.19.245.47 | D11: Debian GNU/Linux | E11: 12 | G11: 관리자 웹서버. 관리자 웹페이지 | H11: NAVER Cloud 공공기관용 NKS | I11: 박영규 | J11: -
A12: U_008 | B12: pcespg-web-5674f488d5-nq9w5 | C12: 198.19.155.127 | D12: Debian GNU/Linux | E12: 12 | F12: - | G12: PCES 웹서버. Pces 웹페이지 | H12: NAVER Cloud 공공기관용 NKS | I12: 박영규 | J12: -
A13: U_009 | B13: pcespg-web-5674f488d5-h7zzl | C13: 198.19.155.127 | D13: Debian GNU/Linux | E13: 12 | G13: PCES 웹서버. Pces 웹페이지 | H13: NAVER Cloud 공공기관용 NKS | I13: 박영규 | J13: -
A14: U_010 | B14: pcespg-api-admin-74df64559f-5wgfk | C14: 198.19.150.60 | D14: Ubuntu | E14: 22.04.3 | F14: - | G14: 관리자 api 서버. 관리자 api | H14: NAVER Cloud 공공기관용 NKS | I14: 박영규 | J14: -
A15: U_011 | B15: pcespg-api-admin-74df64559f-rrwrl | C15: 198.19.150.60 | D15: Ubuntu | E15: 22.04.3 | G15: 관리자 api 서버. 관리자 api | H15: NAVER Cloud 공공기관용 NKS | I15: 박영규 | J15: -
A16: U_012 | B16: pcespg-api-biz-5749fc55dc-sj9mp | C16: 198.19.237.2 | D16: Ubuntu | E16: 22.04.3 | F16: - | G16: PCES api 서버. 업무 api | H16: NAVER Cloud 공공기관용 NKS | I16: 박영규 | J16: -
A17: U_013 | B17: pcespg-api-biz-5749fc55dc-g956g | C17: 198.19.237.2 | D17: Ubuntu | E17: 22.04.3 | G17: PCES api 서버. 업무 api | H17: NAVER Cloud 공공기관용 NKS | I17: 박영규 | J17: -
A18: U_014 | B18: pcespg-api-comm-796dfdd4bd-74zj4 | C18: 198.19.149.38 | D18: Ubuntu | E18: 22.04.3 | F18: - | G18: PCES api 서버. 공통 api | H18: NAVER Cloud 공공기관용 NKS | I18: 박영규 | J18: -
A19: U_015 | B19: pcespg-api-comm-796dfdd4bd-54kdc | C19: 198.19.149.38 | D19: Ubuntu | E19: 22.04.3 | G19: PCES api 서버. 공통 api | H19: NAVER Cloud 공공기관용 NKS | I19: 박영규 | J19: -
A20: U_016 | B20: pcespg-gw-5bc7bfb557-n9dbr | C20: 198.19.207.169 | D20: Ubuntu | E20: 22.04.3 | F20: - | G20: PCES 게이트웨이 서버. Api 게이트웨이 | H20: NAVER Cloud 공공기관용 NKS | I20: 박영규 | J20: -
A21: U_017 | B21: pcespg-gw-5bc7bfb557-fb6g9 | C21: 198.19.207.169 | D21: Ubuntu | E21: 22.04.3 | G21: PCES 게이트웨이 서버. Api 게이트웨이 | H21: NAVER Cloud 공공기관용 NKS | I21: 박영규 | J21: -
A22: U_018 | B22: gaia | C22: 198.19.178.189 | D22: Ubuntu | E22: 22.04.3 | F22: - | G22: GAIA 서버. 가이아 서비스 | H22: NAVER Cloud 공공기관용 NKS | I22: 박영규 | J22: -

Sheet ChkList
A1: Check List | E1: 분류 Code
E2: U
A3: 점검항목
A4: 분류 | C4: 점검항목 | D4: 중요도
A5: =$E$2&"1" -> U1 | B5: 계정 관리
B6: U-01 | C6: root 계정 원격 접속 제한 | D6: H | G6: [Telnet] 1. “/etc/securetty” 파일에서 pts/0 ~ pts/x 설정 제거 또는, 주석 처리 [SSH] 1. vi 편집기를 이용하여 /etc/ssh/sshd_config 파일을 연 후 # vi /etc/ssh/sshd_config 2. 아래와 같이 설정 변경 PermitRootLogin no
B7: U-02 | C7: 패스워드 복잡성 설정 | D7: H | G7: [CentOS 7이상] # vi /etc/pam.d/system-auth password requisite pam_pwquality.so try_first_pass enforce_for_root retry=5 type= minlen=9 lcredit=-1 ucredit=-1 dcredit=-1 ocredit=-1 [CentOS 6이하] # vi /etc/pam.d/system-auth password requisite pam_cracklib.so try_first_pass enforce_for_root retry=5 type= minlen=9 lcredit=-1 ucredit=-1 dcredit=-1 ocredit=-1 [Ubuntu, Debian] 1. libpam-pwquality 설치 # apt -y install libpam-pwquality 2. vi 편집기를 이용하여 설정 파일을 연 후 # vi /etc/pam.d/common-password 3. pam_pwquality.so 부분을 아래와 같이 설정(예시) password requisite pam_pwquality.so enforce_for_root retry=3 minlen=9 dcredit=-1 ucredit=-1 lcredit=-1 ocredit=-1 ※패스워드 복잡성 설정은 Debian 계열의 경우 common-password 파일 또는 pwquality.conf 파일, RedHat 계열의 경우 system-auth 파일 또는 pwquality.conf 파일 둘 중 한 곳에만 적용하면 되며, enforce_for_root 설정은 system-auth 파일에 적용해야 함 ***설정 시 모듈이 있는지 확인 필요*** [일반적으로 권장하는 패스워드 설정] 1. 패스워드의 길이는 최소 9자 이상으로 설정 2. 영문(대문자, 소문자), 숫자, 특수문자를 혼합하여 패스워드 설정 3. 패스워드는 주기적으로 변경하고, 재사용 금지 4. 사전에 있는 단어나 누구나 유추 가능한 간단한 패스워드 사용 금지
B8: U-03 | C8: 계정 잠금 임계값 설정 | D8: H | G8: [CentOS] # vi /etc/pam.d/system-auth (*첫번째 단락 2번째줄) auth required pam_tally2.so deny=5 no_magic_root (*두번째 단락 2번째줄) account required pam_tally2.so # vi /etc/pam.d/password-auth (*첫번째 단락 2번째줄) auth required pam_tally2.so deny=5 onerr=fail (*두번째 단락 2번째줄) account required pam_tally2.so [Ubuntu] # vi /etc/pam.d/common-auth (*첫번째 단락 1번째줄) auth required pam_tally2.so deny=5
B9: U-04 | C9: 패스워드 최대 사용 기간 설정 | D9: M | G9: (User 생성시 적용) # vi /etc/login.defs PASS_MAX_DAYS 90 (현재 User의 최대 사용기간 적용) chage –M 90 <계정명>
B10: U-05 | C10: 패스워드 파일 보호 | D10: H | G10: 1. 쉐도우 패스워드 정책 적용 방법 # pwconv 2. 일반 패스워드 정책 적용 방법 #pwunconv
A11: =$E$2&"2" -> U2 | B11: 파일 및 디렉토리 관리
B12: U-06 | C12: root 홈, 패스 디렉터리 권한 및 패스 설정 | D12: H | G12: 1. vi 편집기를 이용하여 root 계정의 설정파일(~/.profile 과 /etc/profile)을 연 후 # vi /etc/profile 2. 아래와 같이 수정 (수정 전) PATH=.:$PATH:$HOME/bin (수정 후) PATH=$PATH:$HOME/bin
B13: U-07 | C13: 파일 및 디렉터리 소유자 설정 | D13: H | G13: 1. 소유자가 존재하지 않는 파일이나 디렉터리가 불필요한 경우 rm 명령으로 삭제 # rm <file_name> # rm <directory_name> ※ 삭제할 파일명 또는, 디렉터리명 입력 2. 필요한 경우 chown 명령으로 소유자 및 그룹 변경 chown <user_name> <file_name>
B14: U-08 | C14: /etc/passwd 파일 소유자 및 권한 설정 | D14: H | G14: 1. /etc/passwd 파일의 퍼미션을 644(또는 444)로, 소유자를 root로 변경 # chmod 644 /etc/passwd # chown root /etc/passwd
B15: U-09 | C15: /etc/shadow 파일 소유자 및 권한 설정 | D15: H | G15: 1. /etc/shadow 파일의 퍼미션을 600(또는 400)로, 소유자를 root로 변경 # chmod 600 /etc/shadow # chown root /etc/shadow
B16: U-10 | C16: /etc/hosts 파일 소유자 및 권한 설정 | D16: H | G16: 1. /etc/hosts 파일의 퍼미션을 644로, 소유자를 root로 변경 # chmod 644 /etc/hosts # chown root /etc/hosts
B17: U-11 | C17: /etc/(x)inetd.conf 파일 소유자 및 권한 설정 | D17: H | G17: 1. /etc/xinetd.conf 파일의 퍼미션과 소유자를 확인 # ls -l /etc/xinetd.conf -rw-------. 1 root root 1001 2013-10-07 10:34 /etc/xinetd.conf
B18: U-12 | C18: /etc/syslog.conf 파일 소유자 및 권한 설정 | D18: H | G18: 1. /etc/rsyslog.conf 파일의 퍼미션을 644로, 소유자를 root로 변경 # chmod 644 /etc/ rsyslog.conf # chown root /etc/ rsyslog.conf
B19: U-13 | C19: /etc/services 파일 소유자 및 권한 설정 | D19: H | G19: 1. /etc/services 파일의 퍼미션을 644로, 소유자를 root로 변경 # chmod 644 /etc/services # chown root /etc/services
B20: U-14 | C20: SUID, SGID, Sticky bit 설정 파일 점검 | D20: H | G20: 1. 검색된 파일 중 불필요한 파일 제거 및 권한 변경 예시 #chmod –s <file_name> #rm –rf <file_name>
B21: U-15 | C21: 사용자, 시스템 시작파일 및 환경파일 소유자 및 권한 설정 | D21: H | G21: 1. 소유자 변경 방법 #chown <user_name> <file_name> 2. 일반 사용자 쓰기 권한 제거 방법 #chmod o-w <file_name>
B22: U-16 | C22: world writable 파일 점검 | D22: H | G22: 1. 검색된 파일 중 불필요한 파일 제거 및 권한 변경 #chmod o-w <file_name> #rm –rf <world-writable 파일명>
B23: U-17 | C23: $HOME/.rhosts, hosts.equiv 사용 금지 | D23: H | G23: [.rhosts, hosts.equiv 파일 미사용 시] 1. .rhosts, hosts.equiv 파일 삭제 # rm -f [삭제 할 파일 및 디렉터리 경로] # rm -f $HOME/.rhosts 또는 or /etc/ hosts.equiv [.rhosts, hosts.equiv 파일 사용 시] 1. “/etc/hosts.equiv” 및 “$HOME/.rhosts” 파일의 소유자를 root 또는, 해당 계정으로 변경 # chown root /etc/hosts.equiv # chown [계정 명] $HOME/.rhosts 2. “/etc/hosts.equiv” 및 “$HOME/.rhosts” 파일의 퍼미션을 600 이하로 변경 # chmod 600 /etc/hosts.equiv # chmod 600 $HOME/.rhosts 3. “/etc/hosts.equiv” 및 “$HOME/.rhosts” 파일에서 “+”를 제거하고 허용 호스트 및 계정 등록 # vi /etc/hosts.equiv (or $HOME/.rhosts)
... B25: U-19 | C25: cron 파일 소유자 및 권한 설정 | D25: H | G25: 1. “/etc/cron.allow” 및 “/etc/cron.deny” 파일의 소유자 및 권한 변경 # chown root /etc/cron.allow # chmod 644 /etc/cron.allow # chown root /etc/cron.deny # chmod 644 /etc/cron.deny
A26: =$E$2&"3" -> U3 | B26: 서비스 관리
B27: U-20 | C27: Finger 서비스 비활성화 | D27: H | G27: 1. “/etc/xinetd.d/finger” 파일에서 서비스 비활성화 여부 확인 # cat /etc/xinetd.d/finger | grep disable disable = no
B28: U-21 | C28: Anonymous FTP 비활성화 | D28: H | G28: [Default FTP를 사용하는 경우] 1. ftp 계정 삭제 # userdel ftp //Linux, HP-UX, Solaris에서 ftp 계정 삭제 # rmuser ftp //AIX에서 ftp 계정 삭제 [proftpd 를 사용하는 경우] 1. proftpd.conf 파일에서 <Anonymous ~ ftp> 부분의 UserAlias 항목 주석("#") 처리 # cat etc/proftpd/proftpd.conf #UserAlias anonymous ftp [vsftpd 를 사용하는 경우] 1. vsftpd.conf 파일에서 anonymous_enable 값을 No 로 설정 # vi etc/vsftpd/vsftpd.conf anonymous_enalble = No
B29: U-22 | C29: r 계열 서비스 비활성화 | D29: H | G29: 1. vi 편집기를 이용하여 “/etc/xinetd.d/” 디렉터리 내 rlogin, rsh, rexec 파일을 연 후 2. 아래와 같이 설정 (disable = yes 설정) - /etc/xinetd.d/rlogin 파일 - /etc/xinetd.d/rsh 파일 - /etc/xinetd.d/rexec 파일 service rlogin { … disable = yes }
B30: U-23 | C30: DoS 공격에 취약한 서비스 비활성화 | D30: H | G30: 1. vi 편집기를 이용하여 “/etc/xinetd.d/” 디렉터리 내 echo, discard, daytime, chargen 파일을 연 후 2. 아래와 같이 설정 (disable = yes 설정) - /etc/xinetd.d/echo 파일 - /etc/xinetd.d/discard 파일 - /etc/xinetd.d/daytime 파일 - /etc/xinetd.d/chargen 파일 service echo { … disable = yes }
B31: U-24 | C31: NFS 서비스 비활성화 | D31: H | G31: 1. NFS 데몬(nfsd)을 중지 # ps -ef | grep nfsd root 3809 3721 0 08:44:40 ? 0:00 /usr/lib/nfs/nfsd # kill –9 3809
B32: U-25 | C32: NFS 접근통제 | D32: H | G32: 1. everyone 마운트 제거 # umount "파일시스템 이름" 2. /etc/exports 파일에서 접근 통제 설정 # vi /etc/exports (예) /data 172.27.0.0/16(rw,no_root_squash)
B33: U-26 | C33: automountd 제거 | D33: H | G33: 1. automountd서비스 데몬 실행 중지 # ps -ef | grep auto root 650 1 0 9월 07 ? 0:00 /usr/lib/autofs/automountd # kill –9 650 2. 시스템 재시작시 automount 가 시작되지 않도록 설정 <방법1> 부팅스크립트에서 automountd 제거 # chkconfig --level 0123456 autofs off <방법2> 아래와 같이 파일경로 확인 후 파일명 변경 (예) # mv /etc/rc2.d/S28autofs /etc/rc2.d/S28autofs.orig
B34: U-27 | C34: RPC 서비스 확인 | D34: H | G34: 1. vi 편집기를 이용하여 “/etc/xinetd.d/” 디렉터리 내의 불필요한 RPC 서비스 파일을 연 후 2. 아래와 같이 설정 (disable = yes 설정) service finger { disable = yes … 이하 생략 … }
B35: U-28 | C35: NIS, NIS+ 점검 | D35: H | G35: 1. NFS 서비스 데몬 중지 #kill -9 [PID]
B36: U-29 | C36: tftp, talk 서비스 비활성화 | D36: H | G36: 1. vi 편집기를 이용하여 “/etc/xinetd.d/” 디렉터리 내 tftp, talk, ntalk 파일을 연 후 2. 아래와 같이 설정 (disable = yes 설정) - /etc/xinetd.d/tftp 파일 - /etc/xinetd.d/talk 파일 - /etc/xinetd.d/ntalk 파일 service tftp { … 생략 … disable = yes }
B37: U-30 | C37: Sendmail 버전 점검 | D37: H | G37: [Sendmail을 사용하지 않을 경우] 1. 필요하지 않을 경우 Sendmail 데몬 중지 # ps -ef | grep sendmail root 536638 163960 0 Jul 03 - 2:34 sendmail: accepting connections # kill -9 536638 # stopsrc -s sendmail // AIX에서 Sendmail 중지 명령어 [시스템 재시작시 Sendmail이 구동되지 않도록 OS별로 아래와 같이 설정] <방법1> 부팅스크립트에서 Sendmail 제거 # chkconfig sendmail off //모던 런레벨에서 Sendmail 서비스 중지 # chkconfig --level 2345 sendmail off //런레벨 2~5에서 Sendmail 서비스 중지 <방법2> Sendmail 구동 스크립트 파일명 변경 # ls -al /etc/rc*.d/* | grep sendmail //파일 위치 검색 #mv /etc/rc2.d/S88sendmail /etc/rc2.d/S88sendmail.orig //파일명 변경
B38: U-31 | C38: 스팸 메일 릴레이 제한 | D38: H | G38: 1. vi 편집기를 이용하여 sendmail.cf 설정파일을 연 후 2. 아래와 같이 주석 제거 (수정 전) #R$* $#error $@ 5.7.1 $: "550 Relaying denied" (수정 후) R$* $#error $@ 5.7.1 $: "550 Relaying denied" 3. 특정 IP, domain, Email Address 및 네트워크에 대한 sendmail 접근 제한 확인 #vi /etc/mail/access
... B41: U-34 | C41: DNS ZoneTransfer 설정 | D41: H | G41: 1. 특정 서버의 Zone Transfer 지정 # vi /etc/named.conf Options { allow-transfer{10.10.10.111; 10.10.10.112;}; }; 2. 특정 도메인의 Zone에 대해서 제한할 경우에는 다음과 같이 설정 # vi /etc/named.conf zone "xxx.co.kr" { Type master ; File "db.xxx.co.kr"; allow-transfer{10.10.10.111; 10.10.10.112;}; }
A42: =$E$2&"4" -> U4 | B42: 패치 및 로그관리
B43: U-35 | C43: 최신 보안패치 및 벤더 권고사항 적용 | D43: H | G43: ※ 설정 기준 권고 (또는 정책기준) 1. 보안 취약점이 발표되면 시스템 영향도를 평가하고, 긴급 대응책 및 중장기 대응책을 마련하여 계획과 허가에 의해 대응하는 것이 좋다. 2. 패치를 수행할 시 시스템의 영향도에 따라 패치를 차등 수행하도록 한다. 3. 시스템 운영에 영향을 주지 않는 범위 내에서 주기적으로 패치를 수행할 것을 권고함
B44: U-36 | C44: 로그의 정기적 검토 및 보고 | D44: H | G44: ※ 로그파일에는 해킹의 흔적들이 남겨져 있을 수 있으므로, 다음과 같이 로그 파일의 백업에 대한 검토를 해야 함. 1. su 시도에 관한 로그 2. 반복적인 로그인 실패에 관한 로그 3. 로그인 거부 메세지에 관한 로그 4. 기본적 log 파일의 위치는 /var/adm, /var/log ※ 커널과 시스템에 관련된 로그 메시지들은 syslogd와 klogd 두개의 데몬에 의해서 /var/log/messages에 기록하게 됨. 이 파일을 분석함으로써 시스템을 항상 점검 관리해야 함.
A46: 2. 중요도 점수
A47: H | B47: 3
A48: M | B48: 2
A49: L | B49: 1
A51: 3. 점검결과 점수
A52: Y | B52: 1
A53: N | B53: 0
A54: N/A | B54: 0

Sheet 통계
A1: 영역별/장비별 보안수준 통계
A3: 영역별 보안수준
A4: 분류 | E4: 점검 결과 | J4: 중요도점수
E5: 전체항목 | F5: 점검항목 | G5: 양호 | H5: 취약 | I5: 해당없음 | J5: 전체점수 | K5: 평가점수 | L5: 보안수준
A6: U1 | B6: =VLOOKUP($A6,ChkList!$A$5:$B$44,2,FALSE) -> 계정 관리 | E6: =SUMIF('항목별 통계'!$B:$B,$A6&"*",'항목별 통계'!$F:$F) -> 90 | F6: =E6-I6 -> 90 | G6: =SUMIF('항목별 통계'!$B:$B,$A6&"*",'항목별 통계'!$G:$G) -> 32 | H6: =SUMIF('항목별 통계'!$B:$B,$A6&"*",'항목별 통계'!$H:$H) -> 58 | I6: =SUMIF('항목별 통계'!$B:$B,$A6&"*",'항목별 통계'!$I:$I) -> 0 | J6: =SUMIF('항목별 통계'!$B:$B,$A6&"*",'항목별 통계'!$J:$J) -> 252 | K6: =SUMIF('항목별 통계'!$B:$B,$A6&"*",'항목별 통계'!$K:$K) -> 93 | L6: =IFERROR(K6/J6,0) -> 0.36904762
A7: U2 | B7: =VLOOKUP($A7,ChkList!$A$5:$B$44,2,FALSE) -> 파일 및 디렉토리 관리 | E7: =SUMIF('항목별 통계'!$B:$B,$A7&"*",'항목별 통계'!$F:$F) -> 252 | F7: =E7-I7 -> 252 | G7: =SUMIF('항목별 통계'!$B:$B,$A7&"*",'항목별 통계'!$G:$G) -> 219 | H7: =SUMIF('항목별 통계'!$B:$B,$A7&"*",'항목별 통계'!$H:$H) -> 33 | I7: =SUMIF('항목별 통계'!$B:$B,$A7&"*",'항목별 통계'!$I:$I) -> 0 | J7: =SUMIF('항목별 통계'!$B:$B,$A7&"*",'항목별 통계'!$J:$J) -> 756 | K7: =SUMIF('항목별 통계'!$B:$B,$A7&"*",'항목별 통계'!$K:$K) -> 657 | L7: =IFERROR(K7/J7,0) -> 0.86904762
A8: U3 | B8: =VLOOKUP($A8,ChkList!$A$5:$B$44,2,FALSE) -> 서비스 관리 | E8: =SUMIF('항목별 통계'!$B:$B,$A8&"*",'항목별 통계'!$F:$F) -> 270 | F8: =E8-I8 -> 270 | G8: =SUMIF('항목별 통계'!$B:$B,$A8&"*",'항목별 통계'!$G:$G) -> 269 | H8: =SUMIF('항목별 통계'!$B:$B,$A8&"*",'항목별 통계'!$H:$H) -> 1 | I8: =SUMIF('항목별 통계'!$B:$B,$A8&"*",'항목별 통계'!$I:$I) -> 0 | J8: =SUMIF('항목별 통계'!$B:$B,$A8&"*",'항목별 통계'!$J:$J) -> 810 | K8: =SUMIF('항목별 통계'!$B:$B,$A8&"*",'항목별 통계'!$K:$K) -> 807 | L8: =IFERROR(K8/J8,0) -> 0.9962963
A9: U4 | B9: =VLOOKUP($A9,ChkList!$A$5:$B$44,2,FALSE) -> 패치 및 로그관리 | E9: =SUMIF('항목별 통계'!$B:$B,$A9&"*",'항목별 통계'!$F:$F) -> 36 | F9: =E9-I9 -> 36 | G9: =SUMIF('항목별 통계'!$B:$B,$A9&"*",'항목별 통계'!$G:$G) -> 0 | H9: =SUMIF('항목별 통계'!$B:$B,$A9&"*",'항목별 통계'!$H:$H) -> 36 | I9: =SUMIF('항목별 통계'!$B:$B,$A9&"*",'항목별 통계'!$I:$I) -> 0 | J9: =SUMIF('항목별 통계'!$B:$B,$A9&"*",'항목별 통계'!$J:$J) -> 108 | K9: =SUMIF('항목별 통계'!$B:$B,$A9&"*",'항목별 통계'!$K:$K) -> 0 | L9: =IFERROR(K9/J9,0) -> 0
B10: 계 | E10: =SUM(E6:E9) -> 648 | F10: =SUM(F6:F9) -> 648 | G10: =SUM(G6:G9) -> 520 | H10: =SUM(H6:H9) -> 128 | I10: =SUM(I6:I9) -> 0 | J10: =SUM(J6:J9) -> 1926 | K10: =SUM(K6:K9) -> 1557 | L10: =IFERROR(K10/J10, 0) -> 0.80841121
A38: 장비별 보안수준
A39: 장비 구분 | E39: 점검 결과 | J39: 중요도점수
E40: 전체항목 | F40: 점검항목 | G40: 양호 | H40: 취약 | I40: 해당없음 | J40: 전체점수 | K40: 평가점수 | L40: 보안수준
A41: =IFERROR(자산목록!$A5,"-") -> U_001 | C41: =IFERROR(VLOOKUP($A41,자산목록!$A$1:$H$854,2,FALSE),"-") -> idt-gov-jenkins | E41: =IFERROR(INDIRECT(ADDRESS(16, 5, 1,TRUE,$A41)),0) -> 36 | F41: =IFERROR(INDIRECT(ADDRESS(16,6, 1,TRUE,$A41)),0) -> 36 | G41: =IFERROR(INDIRECT(ADDRESS(16,7, 1,TRUE,$A41)),0) -> 32 | H41: =F41-G41 -> 4 | I41: =E41-F41 -> 0 | J41: =IFERROR(INDIRECT(ADDRESS(16,8, 1,TRUE,$A41)),0) -> 107 | K41: =IFERROR(INDIRECT(ADDRESS(16,9, 1,TRUE,$A41)),0) -> 95 | L41: =IFERROR(INDIRECT(ADDRESS(16,10, 1,TRUE,$A41)),0) -> 0.88785047
A42: =IFERROR(자산목록!$A6,"-") -> U_002 | C42: =IFERROR(VLOOKUP($A42,자산목록!$A$1:$H$854,2,FALSE),"-") -> igt-gov-bastion | E42: =IFERROR(INDIRECT(ADDRESS(16, 5, 1,TRUE,$A42)),0) -> 36 | F42: =IFERROR(INDIRECT(ADDRESS(16,6, 1,TRUE,$A42)),0) -> 36 | G42: =IFERROR(INDIRECT(ADDRESS(16,7, 1,TRUE,$A42)),0) -> 32 | H42: =F42-G42 -> 4 | I42: =E42-F42 -> 0 | J42: =IFERROR(INDIRECT(ADDRESS(16,8, 1,TRUE,$A42)),0) -> 107 | K42: =IFERROR(INDIRECT(ADDRESS(16,9, 1,TRUE,$A42)),0) -> 95 | L42: =IFERROR(INDIRECT(ADDRESS(16,10, 1,TRUE,$A42)),0) -> 0.88785047
A43: =IFERROR(자산목록!$A7,"-") -> U_003 | C43: =IFERROR(VLOOKUP($A43,자산목록!$A$1:$H$854,2,FALSE),"-") -> idt-gov-ngs | E43: =IFERROR(INDIRECT(ADDRESS(16, 5, 1,TRUE,$A43)),0) -> 36 | F43: =IFERROR(INDIRECT(ADDRESS(16,6, 1,TRUE,$A43)),0) -> 36 | G43: =IFERROR(INDIRECT(ADDRESS(16,7, 1,TRUE,$A43)),0) -> 32 | H43: =F43-G43 -> 4 | I43: =E43-F43 -> 0 | J43: =IFERROR(INDIRECT(ADDRESS(16,8, 1,TRUE,$A43)),0) -> 107 | K43: =IFERROR(INDIRECT(ADDRESS(16,9, 1,TRUE,$A43)),0) -> 95 | L43: =IFERROR(INDIRECT(ADDRESS(16,10, 1,TRUE,$A43)),0) -> 0.88785047
A44: =IFERROR(자산목록!$A8,"-") -> U_004 | C44: =IFERROR(VLOOKUP($A44,자산목록!$A$1:$H$854,2,FALSE),"-") -> idt-gov-pool3-w-155j | E44: =IFERROR(INDIRECT(ADDRESS(16, 5, 1,TRUE,$A44)),0) -> 36 | F44: =IFERROR(INDIRECT(ADDRESS(16,6, 1,TRUE,$A44)),0) -> 36 | G44: =IFERROR(INDIRECT(ADDRESS(16,7, 1,TRUE,$A44)),0) -> 30 | H44: =F44-G44 -> 6 | I44: =E44-F44 -> 0 | J44: =IFERROR(INDIRECT(ADDRESS(16,8, 1,TRUE,$A44)),0) -> 107 | K44: =IFERROR(INDIRECT(ADDRESS(16,9, 1,TRUE,$A44)),0) -> 90 | L44: =IFERROR(INDIRECT(ADDRESS(16,10, 1,TRUE,$A44)),0) -> 0.8411215
A45: =IFERROR(자산목록!$A9,"-") -> U_005 | C45: =IFERROR(VLOOKUP($A45,자산목록!$A$1:$H$854,2,FALSE),"-") -> idt-gov-pool4-w-158h | E45: =IFERROR(INDIRECT(ADDRESS(16, 5, 1,TRUE,$A45)),0) -> 36 | F45: =IFERROR(INDIRECT(ADDRESS(16,6, 1,TRUE,$A45)),0) -> 36 | G45: =IFERROR(INDIRECT(ADDRESS(16,7, 1,TRUE,$A45)),0) -> 30 | H45: =F45-G45 -> 6 | I45: =E45-F45 -> 0 | J45: =IFERROR(INDIRECT(ADDRESS(16,8, 1,TRUE,$A45)),0) -> 107 | K45: =IFERROR(INDIRECT(ADDRESS(16,9, 1,TRUE,$A45)),0) -> 90 | L45: =IFERROR(INDIRECT(ADDRESS(16,10, 1,TRUE,$A45)),0) -> 0.8411215
A46: =IFERROR(자산목록!$A10,"-") -> U_006 | C46: =IFERROR(VLOOKUP($A46,자산목록!$A$1:$H$854,2,FALSE),"-") -> pcespg-web-admin-55845bc69b-nxztw | E46: =IFERROR(INDIRECT(ADDRESS(16, 5, 1,TRUE,$A46)),0) -> 36 | F46: =IFERROR(INDIRECT(ADDRESS(16,6, 1,TRUE,$A46)),0) -> 36 | G46: =IFERROR(INDIRECT(ADDRESS(16,7, 1,TRUE,$A46)),0) -> 28 | H46: =F46-G46 -> 8 | I46: =E46-F46 -> 0 | J46: =IFERROR(INDIRECT(ADDRESS(16,8, 1,TRUE,$A46)),0) -> 107 | K46: =IFERROR(INDIRECT(ADDRESS(16,9, 1,TRUE,$A46)),0) -> 84 | L46: =IFERROR(INDIRECT(ADDRESS(16,10, 1,TRUE,$A46)),0) -> 0.78504673
A47: =IFERROR(자산목록!$A11,"-") -> U_007 | C47: =IFERROR(VLOOKUP($A47,자산목록!$A$1:$H$854,2,FALSE),"-") -> pcespg-web-admin-55845bc69b-p86mk | E47: =IFERROR(INDIRECT(ADDRESS(16, 5, 1,TRUE,$A47)),0) -> 36 | F47: =IFERROR(INDIRECT(ADDRESS(16,6, 1,TRUE,$A47)),0) -> 36 | G47: =IFERROR(INDIRECT(ADDRESS(16,7, 1,TRUE,$A47)),0) -> 28 | H47: =F47-G47 -> 8 | I47: =E47-F47 -> 0 | J47: =IFERROR(INDIRECT(ADDRESS(16,8, 1,TRUE,$A47)),0) -> 107 | K47: =IFERROR(INDIRECT(ADDRESS(16,9, 1,TRUE,$A47)),0) -> 84 | L47: =IFERROR(INDIRECT(ADDRESS(16,10, 1,TRUE,$A47)),0) -> 0.78504673
A48: =IFERROR(자산목록!$A12,"-") -> U_008 | C48: =IFERROR(VLOOKUP($A48,자산목록!$A$1:$H$854,2,FALSE),"-") -> pcespg-web-5674f488d5-nq9w5 | E48: =IFERROR(INDIRECT(ADDRESS(16, 5, 1,TRUE,$A48)),0) -> 36 | F48: =IFERROR(INDIRECT(ADDRESS(16,6, 1,TRUE,$A48)),0) -> 36 | G48: =IFERROR(INDIRECT(ADDRESS(16,7, 1,TRUE,$A48)),0) -> 28 | H48: =F48-G48 -> 8 | I48: =E48-F48 -> 0 | J48: =IFERROR(INDIRECT(ADDRESS(16,8, 1,TRUE,$A48)),0) -> 107 | K48: =IFERROR(INDIRECT(ADDRESS(16,9, 1,TRUE,$A48)),0) -> 84 | L48: =IFERROR(INDIRECT(ADDRESS(16,10, 1,TRUE,$A48)),0) -> 0.78504673
A49: =IFERROR(자산목록!$A13,"-") -> U_009 | C49: =IFERROR(VLOOKUP($A49,자산목록!$A$1:$H$854,2,FALSE),"-") -> pcespg-web-5674f488d5-h7zzl | E49: =IFERROR(INDIRECT(ADDRESS(16, 5, 1,TRUE,$A49)),0) -> 36 | F49: =IFERROR(INDIRECT(ADDRESS(16,6, 1,TRUE,$A49)),0) -> 36 | G49: =IFERROR(INDIRECT(ADDRESS(16,7, 1,TRUE,$A49)),0) -> 28 | H49: =F49-G49 -> 8 | I49: =E49-F49 -> 0 | J49: =IFERROR(INDIRECT(ADDRESS(16,8, 1,TRUE,$A49)),0) -> 107 | K49: =IFERROR(INDIRECT(ADDRESS(16,9, 1,TRUE,$A49)),0) -> 84 | L49: =IFERROR(INDIRECT(ADDRESS(16,10, 1,TRUE,$A49)),0) -> 0.78504673
A50: =IFERROR(자산목록!$A14,"-") -> U_010 | C50: =IFERROR(VLOOKUP($A50,자산목록!$A$1:$H$854,2,FALSE),"-") -> pcespg-api-admin-74df64559f-5wgfk | E50: =IFERROR(INDIRECT(ADDRESS(16, 5, 1,TRUE,$A50)),0) -> 36 | F50: =IFERROR(INDIRECT(ADDRESS(16,6, 1,TRUE,$A50)),0) -> 36 | G50: =IFERROR(INDIRECT(ADDRESS(16,7, 1,TRUE,$A50)),0) -> 28 | H50: =F50-G50 -> 8 | I50: =E50-F50 -> 0 | J50: =IFERROR(INDIRECT(ADDRESS(16,8, 1,TRUE,$A50)),0) -> 107 | K50: =IFERROR(INDIRECT(ADDRESS(16,9, 1,TRUE,$A50)),0) -> 84 | L50: =IFERROR(INDIRECT(ADDRESS(16,10, 1,TRUE,$A50)),0) -> 0.78504673
A51: =IFERROR(자산목록!$A15,"-") -> U_011 | C51: =IFERROR(VLOOKUP($A51,자산목록!$A$1:$H$854,2,FALSE),"-") -> pcespg-api-admin-74df64559f-rrwrl | E51: =IFERROR(INDIRECT(ADDRESS(16, 5, 1,TRUE,$A51)),0) -> 36 | F51: =IFERROR(INDIRECT(ADDRESS(16,6, 1,TRUE,$A51)),0) -> 36 | G51: =IFERROR(INDIRECT(ADDRESS(16,7, 1,TRUE,$A51)),0) -> 28 | H51: =F51-G51 -> 8 | I51: =E51-F51 -> 0 | J51: =IFERROR(INDIRECT(ADDRESS(16,8, 1,TRUE,$A51)),0) -> 107 | K51: =IFERROR(INDIRECT(ADDRESS(16,9, 1,TRUE,$A51)),0) -> 84 | L51: =IFERROR(INDIRECT(ADDRESS(16,10, 1,TRUE,$A51)),0) -> 0.78504673
A52: =IFERROR(자산목록!$A16,"-") -> U_012 | C52: =IFERROR(VLOOKUP($A52,자산목록!$A$1:$H$854,2,FALSE),"-") -> pcespg-api-biz-5749fc55dc-sj9mp | E52: =IFERROR(INDIRECT(ADDRESS(16, 5, 1,TRUE,$A52)),0) -> 36 | F52: =IFERROR(INDIRECT(ADDRESS(16,6, 1,TRUE,$A52)),0) -> 36 | G52: =IFERROR(INDIRECT(ADDRESS(16,7, 1,TRUE,$A52)),0) -> 28 | H52: =F52-G52 -> 8 | I52: =E52-F52 -> 0 | J52: =IFERROR(INDIRECT(ADDRESS(16,8, 1,TRUE,$A52)),0) -> 107 | K52: =IFERROR(INDIRECT(ADDRESS(16,9, 1,TRUE,$A52)),0) -> 84 | L52: =IFERROR(INDIRECT(ADDRESS(16,10, 1,TRUE,$A52)),0) -> 0.78504673
... A58: =IFERROR(자산목록!$A22,"-") -> U_018 | C58: =IFERROR(VLOOKUP($A58,자산목록!$A$1:$H$854,2,FALSE),"-") -> gaia | E58: =IFERROR(INDIRECT(ADDRESS(16, 5, 1,TRUE,$A58)),0) -> 36 | F58: =IFERROR(INDIRECT(ADDRESS(16,6, 1,TRUE,$A58)),0) -> 36 | G58: =IFERROR(INDIRECT(ADDRESS(16,7, 1,TRUE,$A58)),0) -> 28 | H58: =F58-G58 -> 8 | I58: =E58-F58 -> 0 | J58: =IFERROR(INDIRECT(ADDRESS(16,8, 1,TRUE,$A58)),0) -> 107 | K58: =IFERROR(INDIRECT(ADDRESS(16,9, 1,TRUE,$A58)),0) -> 84 | L58: =IFERROR(INDIRECT(ADDRESS(16,10, 1,TRUE,$A58)),0) -> 0.78504673
A59: 계 | E59: =SUM(E41:E58) -> 648 | F59: =SUM(F41:F58) -> 648 | G59: =SUM(G41:G58) -> 520 | H59: =SUM(H41:H58) -> 128 | I59: =SUM(I41:I58) -> 0 | J59: =SUM(J41:J58) -> 1926 | K59: =SUM(K41:K58) -> 1557 | L59: =IFERROR(K59/J59, 0) -> 0.80841121

Sheet 항목별 통계
A1: 항목별 통계
A3: =ChkList!A4 -> 분류 | D3: =ChkList!C4 -> 점검항목 | E3: =ChkList!D4 -> 중요도 | F3: 점검 통계 | J3: 중요도 점수 | L3: 점검결과 | M3: 점검결과 | N3: 점검결과 | O3: 점검결과 | P3: 점검결과 | Q3: 점검결과 | R3: 점검결과 | S3: 점검결과 | T3: 점검결과 | U3: 점검결과 | V3: 점검결과 | W3: 점검결과 | X3: 점검결과 | Y3: 점검결과 | Z3: 점검결과 | AA3: 점검결과 | AB3: 점검결과 | AC3: 점검결과
F4: 전체 | G4: 양호 | H4: 취약 | I4: 해당없음 | J4: 전체 | K4: 평가 | L4: =HYPERLINK("[" & MID(CELL("filename"),SEARCH("[",CELL("filename"))+1, SEARCH("]",CELL("filename"))-SEARCH("[",CELL("filename"))-1) & "]" & INDIRECT(ADDRESS(COLUMN()-7,1,1,TRUE,"자산목록")) & "!A1",INDIRECT(ADDRESS(COLUMN()-7,1,1,TRUE,"자산목록"))) -> U_001 | M4: =HYPERLINK("[" & MID(CELL("filename"),SEARCH("[",CELL("filename"))+1, SEARCH("]",CELL("filename"))-SEARCH("[",CELL("filename"))-1) & "]" & INDIRECT(ADDRESS(COLUMN()-7,1,1,TRUE,"자산목록")) & "!A1",INDIRECT(ADDRESS(COLUMN()-7,1,1,TRUE,"자산목록"))) -> U_002 | N4: =HYPERLINK("[" & MID(CELL("filename"),SEARCH("[",CELL("filename"))+1, SEARCH("]",CELL("filename"))-SEARCH("[",CELL("filename"))-1) & "]" & INDIRECT(ADDRESS(COLUMN()-7,1,1,TRUE,"자산목록")) & "!A1",INDIRECT(ADDRESS(COLUMN()-7,1,1,TRUE,"자산목록"))) -> U_003 | O4: =HYPERLINK("[" & MID(CELL("filename"),SEARCH("[",CELL("filename"))+1, SEARCH("]",CELL("filename"))-SEARCH("[",CELL("filename"))-1) & "]" & INDIRECT(ADDRESS(COLUMN()-7,1,1,TRUE,"자산목록")) & "!A1",INDIRECT(ADDRESS(COLUMN()-7,1,1,TRUE,"자산목록"))) -> U_004 | P4: =HYPERLINK("[" & MID(CELL("filename"),SEARCH("[",CELL("filename"))+1, SEARCH("]",CELL("filename"))-SEARCH("[",CELL("filename"))-1) & "]" & INDIRECT(ADDRESS(COLUMN()-7,1,1,TRUE,"자산목록")) & "!A1",INDIRECT(ADDRESS(COLUMN()-7,1,1,TRUE,"자산목록"))) -> U_005 | Q4: =HYPERLINK("[" & MID(CELL("filename"),SEARCH("[",CELL("filename"))+1, SEARCH("]",CELL("filename"))-SEARCH("[",CELL("filename"))-1) & "]" & INDIRECT(ADDRESS(COLUMN()-7,1,1,TRUE,"자산목록")) & "!A1",INDIRECT(ADDRESS(COLUMN()-7,1,1,TRUE,"자산목록"))) -> U_006 | R4: =HYPERLINK("[" & MID(CELL("filename"),SEARCH("[",CELL("filename"))+1, SEARCH("]",CELL("filename"))-SEARCH("[",CELL("filename"))-1) & "]" & INDIRECT(ADDRESS(COLUMN()-7,1,1,TRUE,"자산목록")) & "!A1",INDIRECT(ADDRESS(COLUMN()-7,1,1,TRUE,"자산목록"))) -> U_007 | S4: =HYPERLINK("[" & MID(CELL("filename"),SEARCH("[",CELL("filename"))+1, SEARCH("]",CELL("filename"))-SEARCH("[",CELL("filename"))-1) & "]" & INDIRECT(ADDRESS(COLUMN()-7,1,1,TRUE,"자산목록")) & "!A1",INDIRECT(ADDRESS(COLUMN()-7,1,1,TRUE,"자산목록"))) -> U_008 | ... AC4: =HYPERLINK("[" & MID(CELL("filename"),SEARCH("[",CELL("filename"))+1, SEARCH("]",CELL("filename"))-SEARCH("[",CELL("filename"))-1) & "]" & INDIRECT(ADDRESS(COLUMN()-7,1,1,TRUE,"자산목록")) & "!A1",INDIRECT(ADDRESS(COLUMN()-7,1,1,TRUE,"자산목록"))) -> U_018
A5: =ChkList!$A$5 -> U1 | C5: =VLOOKUP($A5,ChkList!$A$5:$B$44,2,FALSE) -> 계정 관리
B6: U1-01 | C6: =ChkList!$B6 -> U-01 | D6: =ChkList!$C6 -> root 계정 원격 접속 제한 | E6: =ChkList!$D6 -> H | F6: =COUNTA($L6:INDIRECT(ADDRESS(ROW(),MATCH("",$4:$4,-1),1,1))) -> 18 | G6: =COUNTIF($L6:INDIRECT(ADDRESS(ROW(),MATCH("",$4:$4,-1),1,1)),"Y") -> 5 | H6: =COUNTIF($L6:INDIRECT(ADDRESS(ROW(),MATCH("",$4:$4,-1),1,1)),"N") -> 13 | I6: =COUNTIF($L6:INDIRECT(ADDRESS(ROW(),MATCH("",$4:$4,-1),1,1)),"N/A") -> 0 | J6: =VLOOKUP($E6,ChkList!$A$47:$B$49,2,FALSE)*($F6-$I6) -> 54 | K6: =VLOOKUP($E6,ChkList!$A$47:$B$49,2,FALSE)*$G6 -> 15 | L6: =IFERROR(INDIRECT(ADDRESS(ROW()+15,10,1,TRUE,L$4)),"") -> Y | M6: =IFERROR(INDIRECT(ADDRESS(ROW()+15,10,1,TRUE,M$4)),"") -> Y | N6: =IFERROR(INDIRECT(ADDRESS(ROW()+15,10,1,TRUE,N$4)),"") -> Y | O6: =IFERROR(INDIRECT(ADDRESS(ROW()+15,10,1,TRUE,O$4)),"") -> Y | P6: =IFERROR(INDIRECT(ADDRESS(ROW()+15,10,1,TRUE,P$4)),"") -> Y | Q6: =IFERROR(INDIRECT(ADDRESS(ROW()+15,10,1,TRUE,Q$4)),"") -> N | R6: =IFERROR(INDIRECT(ADDRESS(ROW()+15,10,1,TRUE,R$4)),"") -> N | S6: =IFERROR(INDIRECT(ADDRESS(ROW()+15,10,1,TRUE,S$4)),"") -> N | ... AC6: =IFERROR(INDIRECT(ADDRESS(ROW()+15,10,1,TRUE,AC$4)),"") -> N
B7: U1-02 | C7: =ChkList!$B7 -> U-02 | D7: =ChkList!$C7 -> 패스워드 복잡성 설정 | E7: =ChkList!$D7 -> H | F7: =COUNTA($L7:INDIRECT(ADDRESS(ROW(),MATCH("",$4:$4,-1),1,1))) -> 18 | G7: =COUNTIF($L7:INDIRECT(ADDRESS(ROW(),MATCH("",$4:$4,-1),1,1)),"Y") -> 1 | H7: =COUNTIF($L7:INDIRECT(ADDRESS(ROW(),MATCH("",$4:$4,-1),1,1)),"N") -> 17 | I7: =COUNTIF($L7:INDIRECT(ADDRESS(ROW(),MATCH("",$4:$4,-1),1,1)),"N/A") -> 0 | J7: =VLOOKUP($E7,ChkList!$A$47:$B$49,2,FALSE)*($F7-$I7) -> 54 | K7: =VLOOKUP($E7,ChkList!$A$47:$B$49,2,FALSE)*$G7 -> 3 | L7: =IFERROR(INDIRECT(ADDRESS(ROW()+15,10,1,TRUE,L$4)),"") -> N | M7: =IFERROR(INDIRECT(ADDRESS(ROW()+15,10,1,TRUE,M$4)),"") -> N | N7: =IFERROR(INDIRECT(ADDRESS(ROW()+15,10,1,TRUE,N$4)),"") -> Y | O7: =IFERROR(INDIRECT(ADDRESS(ROW()+15,10,1,TRUE,O$4)),"") -> N | P7: =IFERROR(INDIRECT(ADDRESS(ROW()+15,10,1,TRUE,P$4)),"") -> N | Q7: =IFERROR(INDIRECT(ADDRESS(ROW()+15,10,1,TRUE,Q$4)),"") -> N | R7: =IFERROR(INDIRECT(ADDRESS(ROW()+15,10,1,TRUE,R$4)),"") -> N | S7: =IFERROR(INDIRECT(ADDRESS(ROW()+15,10,1,TRUE,S$4)),"") -> N | ... AC7: =IFERROR(INDIRECT(ADDRESS(ROW()+15,10,1,TRUE,AC$4)),"") -> N
B8: U1-03 | C8: =ChkList!$B8 -> U-03 | D8: =ChkList!$C8 -> 계정 잠금 임계값 설정 | E8: =ChkList!$D8 -> H | F8: =COUNTA($L8:INDIRECT(ADDRESS(ROW(),MATCH("",$4:$4,-1),1,1))) -> 18 | G8: =COUNTIF($L8:INDIRECT(ADDRESS(ROW(),MATCH("",$4:$4,-1),1,1)),"Y") -> 5 | H8: =COUNTIF($L8:INDIRECT(ADDRESS(ROW(),MATCH("",$4:$4,-1),1,1)),"N") -> 13 | I8: =COUNTIF($L8:INDIRECT(ADDRESS(ROW(),MATCH("",$4:$4,-1),1,1)),"N/A") -> 0 | J8: =VLOOKUP($E8,ChkList!$A$47:$B$49,2,FALSE)*($F8-$I8) -> 54 | K8: =VLOOKUP($E8,ChkList!$A$47:$B$49,2,FALSE)*$G8 -> 15 | L8: =IFERROR(INDIRECT(ADDRESS(ROW()+15,10,1,TRUE,L$4)),"") -> Y | M8: =IFERROR(INDIRECT(ADDRESS(ROW()+15,10,1,TRUE,M$4)),"") -> Y | N8: =IFERROR(INDIRECT(ADDRESS(ROW()+15,10,1,TRUE,N$4)),"") -> Y | O8: =IFERROR(INDIRECT(ADDRESS(ROW()+15,10,1,TRUE,O$4)),"") -> Y | P8: =IFERROR(INDIRECT(ADDRESS(ROW()+15,10,1,TRUE,P$4)),"") -> Y | Q8: =IFERROR(INDIRECT(ADDRESS(ROW()+15,10,1,TRUE,Q$4)),"") -> N | R8: =IFERROR(INDIRECT(ADDRESS(ROW()+15,10,1,TRUE,R$4)),"") -> N | S8: =IFERROR(INDIRECT(ADDRESS(ROW()+15,10,1,TRUE,S$4)),"") -> N | ... AC8: =IFERROR(INDIRECT(ADDRESS(ROW()+15,10,1,TRUE,AC$4)),"") -> N
B9: U1-04 | C9: =ChkList!$B9 -> U-04 | D9: =ChkList!$C9 -> 패스워드 최대 사용 기간 설정 | E9: =ChkList!$D9 -> M | F9: =COUNTA($L9:INDIRECT(ADDRESS(ROW(),MATCH("",$4:$4,-1),1,1))) -> 18 | G9: =COUNTIF($L9:INDIRECT(ADDRESS(ROW(),MATCH("",$4:$4,-1),1,1)),"Y") -> 3 | H9: =COUNTIF($L9:INDIRECT(ADDRESS(ROW(),MATCH("",$4:$4,-1),1,1)),"N") -> 15 | I9: =COUNTIF($L9:INDIRECT(ADDRESS(ROW(),MATCH("",$4:$4,-1),1,1)),"N/A") -> 0 | J9: =VLOOKUP($E9,ChkList!$A$47:$B$49,2,FALSE)*($F9-$I9) -> 36 | K9: =VLOOKUP($E9,ChkList!$A$47:$B$49,2,FALSE)*$G9 -> 6 | L9: =IFERROR(INDIRECT(ADDRESS(ROW()+15,10,1,TRUE,L$4)),"") -> Y | M9: =IFERROR(INDIRECT(ADDRESS(ROW()+15,10,1,TRUE,M$4)),"") -> Y | N9: =IFERROR(INDIRECT(ADDRESS(ROW()+15,10,1,TRUE,N$4)),"") -> Y | O9: =IFERROR(INDIRECT(ADDRESS(ROW()+15,10,1,TRUE,O$4)),"") -> N | P9: =IFERROR(INDIRECT(ADDRESS(ROW()+15,10,1,TRUE,P$4)),"") -> N | Q9: =IFERROR(INDIRECT(ADDRESS(ROW()+15,10,1,TRUE,Q$4)),"") -> N | R9: =IFERROR(INDIRECT(ADDRESS(ROW()+15,10,1,TRUE,R$4)),"") -> N | S9: =IFERROR(INDIRECT(ADDRESS(ROW()+15,10,1,TRUE,S$4)),"") -> N | ... AC9: =IFERROR(INDIRECT(ADDRESS(ROW()+15,10,1,TRUE,AC$4)),"") -> N
B10: U1-05 | C10: =ChkList!$B10 -> U-05 | D10: =ChkList!$C10 -> 패스워드 파일 보호 | E10: =ChkList!$D10 -> H | F10: =COUNTA($L10:INDIRECT(ADDRESS(ROW(),MATCH("",$4:$4,-1),1,1))) -> 18 | G10: =COUNTIF($L10:INDIRECT(ADDRESS(ROW(),MATCH("",$4:$4,-1),1,1)),"Y") -> 18 | H10: =COUNTIF($L10:INDIRECT(ADDRESS(ROW(),MATCH("",$4:$4,-1),1,1)),"N") -> 0 | I10: =COUNTIF($L10:INDIRECT(ADDRESS(ROW(),MATCH("",$4:$4,-1),1,1)),"N/A") -> 0 | J10: =VLOOKUP($E10,ChkList!$A$47:$B$49,2,FALSE)*($F10-$I10) -> 54 | K10: =VLOOKUP($E10,ChkList!$A$47:$B$49,2,FALSE)*$G10 -> 54 | L10: =IFERROR(INDIRECT(ADDRESS(ROW()+15,10,1,TRUE,L$4)),"") -> Y | M10: =IFERROR(INDIRECT(ADDRESS(ROW()+15,10,1,TRUE,M$4)),"") -> Y | N10: =IFERROR(INDIRECT(ADDRESS(ROW()+15,10,1,TRUE,N$4)),"") -> Y | O10: =IFERROR(INDIRECT(ADDRESS(ROW()+15,10,1,TRUE,O$4)),"") -> Y | P10: =IFERROR(INDIRECT(ADDRESS(ROW()+15,10,1,TRUE,P$4)),"") -> Y | Q10: =IFERROR(INDIRECT(ADDRESS(ROW()+15,10,1,TRUE,Q$4)),"") -> Y | R10: =IFERROR(INDIRECT(ADDRESS(ROW()+15,10,1,TRUE,R$4)),"") -> Y | S10: =IFERROR(INDIRECT(ADDRESS(ROW()+15,10,1,TRUE,S$4)),"") -> Y | ... AC10: =IFERROR(INDIRECT(ADDRESS(ROW()+15,10,1,TRUE,AC$4)),"") -> Y
A11: =ChkList!$A$11 -> U2 | C11: =VLOOKUP($A11,ChkList!$A$5:$B$44,2,FALSE) -> 파일 및 디렉토리 관리
B12: U2-01 | C12: =ChkList!$B12 -> U-06 | D12: =ChkList!$C12 -> root 홈, 패스 디렉터리 권한 및 패스 설정 | E12: =ChkList!$D12 -> H | F12: =COUNTA($L12:INDIRECT(ADDRESS(ROW(),MATCH("",$4:$4,-1),1,1))) -> 18 | G12: =COUNTIF($L12:INDIRECT(ADDRESS(ROW(),MATCH("",$4:$4,-1),1,1)),"Y") -> 18 | H12: =COUNTIF($L12:INDIRECT(ADDRESS(ROW(),MATCH("",$4:$4,-1),1,1)),"N") -> 0 | I12: =COUNTIF($L12:INDIRECT(ADDRESS(ROW(),MATCH("",$4:$4,-1),1,1)),"N/A") -> 0 | J12: =VLOOKUP($E12,ChkList!$A$47:$B$49,2,FALSE)*($F12-$I12) -> 54 | K12: =VLOOKUP($E12,ChkList!$A$47:$B$49,2,FALSE)*$G12 -> 54 | L12: =IFERROR(INDIRECT(ADDRESS(ROW()+15,10,1,TRUE,L$4)),"") -> Y | M12: =IFERROR(INDIRECT(ADDRESS(ROW()+15,10,1,TRUE,M$4)),"") -> Y | N12: =IFERROR(INDIRECT(ADDRESS(ROW()+15,10,1,TRUE,N$4)),"") -> Y | O12: =IFERROR(INDIRECT(ADDRESS(ROW()+15,10,1,TRUE,O$4)),"") -> Y | P12: =IFERROR(INDIRECT(ADDRESS(ROW()+15,10,1,TRUE,P$4)),"") -> Y | Q12: =IFERROR(INDIRECT(ADDRESS(ROW()+15,10,1,TRUE,Q$4)),"") -> Y | R12: =IFERROR(INDIRECT(ADDRESS(ROW()+15,10,1,TRUE,R$4)),"") -> Y | S12: =IFERROR(INDIRECT(ADDRESS(ROW()+15,10,1,TRUE,S$4)),"") -> Y | ... AC12: =IFERROR(INDIRECT(ADDRESS(ROW()+15,10,1,TRUE,AC$4)),"") -> Y
B13: U2-02 | C13: =ChkList!$B13 -> U-07 | D13: =ChkList!$C13 -> 파일 및 디렉터리 소유자 설정 | E13: =ChkList!$D13 -> H | F13: =COUNTA($L13:INDIRECT(ADDRESS(ROW(),MATCH("",$4:$4,-1),1,1))) -> 18 | G13: =COUNTIF($L13:INDIRECT(ADDRESS(ROW(),MATCH("",$4:$4,-1),1,1)),"Y") -> 18 | H13: =COUNTIF($L13:INDIRECT(ADDRESS(ROW(),MATCH("",$4:$4,-1),1,1)),"N") -> 0 | I13: =COUNTIF($L13:INDIRECT(ADDRESS(ROW(),MATCH("",$4:$4,-1),1,1)),"N/A") -> 0 | J13: =VLOOKUP($E13,ChkList!$A$47:$B$49,2,FALSE)*($F13-$I13) -> 54 | K13: =VLOOKUP($E13,ChkList!$A$47:$B$49,2,FALSE)*$G13 -> 54 | L13: =IFERROR(INDIRECT(ADDRESS(ROW()+15,10,1,TRUE,L$4)),"") -> Y | M13: =IFERROR(INDIRECT(ADDRESS(ROW()+15,10,1,TRUE,M$4)),"") -> Y | N13: =IFERROR(INDIRECT(ADDRESS(ROW()+15,10,1,TRUE,N$4)),"") -> Y | O13: =IFERROR(INDIRECT(ADDRESS(ROW()+15,10,1,TRUE,O$4)),"") -> Y | P13: =IFERROR(INDIRECT(ADDRESS(ROW()+15,10,1,TRUE,P$4)),"") -> Y | Q13: =IFERROR(INDIRECT(ADDRESS(ROW()+15,10,1,TRUE,Q$4)),"") -> Y | R13: =IFERROR(INDIRECT(ADDRESS(ROW()+15,10,1,TRUE,R$4)),"") -> Y | S13: =IFERROR(INDIRECT(ADDRESS(ROW()+15,10,1,TRUE,S$4)),"") -> Y | ... AC13: =IFERROR(INDIRECT(ADDRESS(ROW()+15,10,1,TRUE,AC$4)),"") -> Y
B14: U2-03 | C14: =ChkList!$B14 -> U-08 | D14: =ChkList!$C14 -> /etc/passwd 파일 소유자 및 권한 설정 | E14: =ChkList!$D14 -> H | F14: =COUNTA($L14:INDIRECT(ADDRESS(ROW(),MATCH("",$4:$4,-1),1,1))) -> 18 | G14: =COUNTIF($L14:INDIRECT(ADDRESS(ROW(),MATCH("",$4:$4,-1),1,1)),"Y") -> 18 | H14: =COUNTIF($L14:INDIRECT(ADDRESS(ROW(),MATCH("",$4:$4,-1),1,1)),"N") -> 0 | I14: =COUNTIF($L14:INDIRECT(ADDRESS(ROW(),MATCH("",$4:$4,-1),1,1)),"N/A") -> 0 | J14: =VLOOKUP($E14,ChkList!$A$47:$B$49,2,FALSE)*($F14-$I14) -> 54 | K14: =VLOOKUP($E14,ChkList!$A$47:$B$49,2,FALSE)*$G14 -> 54 | L14: =IFERROR(INDIRECT(ADDRESS(ROW()+15,10,1,TRUE,L$4)),"") -> Y | M14: =IFERROR(INDIRECT(ADDRESS(ROW()+15,10,1,TRUE,M$4)),"") -> Y | N14: =IFERROR(INDIRECT(ADDRESS(ROW()+15,10,1,TRUE,N$4)),"") -> Y | O14: =IFERROR(INDIRECT(ADDRESS(ROW()+15,10,1,TRUE,O$4)),"") -> Y | P14: =IFERROR(INDIRECT(ADDRESS(ROW()+15,10,1,TRUE,P$4)),"") -> Y | Q14: =IFERROR(INDIRECT(ADDRESS(ROW()+15,10,1,TRUE,Q$4)),"") -> Y | R14: =IFERROR(INDIRECT(ADDRESS(ROW()+15,10,1,TRUE,R$4)),"") -> Y | S14: =IFERROR(INDIRECT(ADDRESS(ROW()+15,10,1,TRUE,S$4)),"") -> Y | ... AC14: =IFERROR(INDIRECT(ADDRESS(ROW()+15,10,1,TRUE,AC$4)),"") -> Y
B15: U2-04 | C15: =ChkList!$B15 -> U-09 | D15: =ChkList!$C15 -> /etc/shadow 파일 소유자 및 권한 설정 | E15: =ChkList!$D15 -> H | F15: =COUNTA($L15:INDIRECT(ADDRESS(ROW(),MATCH("",$4:$4,-1),1,1))) -> 18 | G15: =COUNTIF($L15:INDIRECT(ADDRESS(ROW(),MATCH("",$4:$4,-1),1,1)),"Y") -> 18 | H15: =COUNTIF($L15:INDIRECT(ADDRESS(ROW(),MATCH("",$4:$4,-1),1,1)),"N") -> 0 | I15: =COUNTIF($L15:INDIRECT(ADDRESS(ROW(),MATCH("",$4:$4,-1),1,1)),"N/A") -> 0 | J15: =VLOOKUP($E15,ChkList!$A$47:$B$49,2,FALSE)*($F15-$I15) -> 54 | K15: =VLOOKUP($E15,ChkList!$A$47:$B$49,2,FALSE)*$G15 -> 54 | L15: =IFERROR(INDIRECT(ADDRESS(ROW()+15,10,1,TRUE,L$4)),"") -> Y | M15: =IFERROR(INDIRECT(ADDRESS(ROW()+15,10,1,TRUE,M$4)),"") -> Y | N15: =IFERROR(INDIRECT(ADDRESS(ROW()+15,10,1,TRUE,N$4)),"") -> Y | O15: =IFERROR(INDIRECT(ADDRESS(ROW()+15,10,1,TRUE,O$4)),"") -> Y | P15: =IFERROR(INDIRECT(ADDRESS(ROW()+15,10,1,TRUE,P$4)),"") -> Y | Q15: =IFERROR(INDIRECT(ADDRESS(ROW()+15,10,1,TRUE,Q$4)),"") -> Y | R15: =IFERROR(INDIRECT(ADDRESS(ROW()+15,10,1,TRUE,R$4)),"") -> Y | S15: =IFERROR(INDIRECT(ADDRESS(ROW()+15,10,1,TRUE,S$4)),"") -> Y | ... AC15: =IFERROR(INDIRECT(ADDRESS(ROW()+15,10,1,TRUE,AC$4)),"") -> Y
B16: U2-05 | C16: =ChkList!$B16 -> U-10 | D16: =ChkList!$C16 -> /etc/hosts 파일 소유자 및 권한 설정 | E16: =ChkList!$D16 -> H | F16: =COUNTA($L16:INDIRECT(ADDRESS(ROW(),MATCH("",$4:$4,-1),1,1))) -> 18 | G16: =COUNTIF($L16:INDIRECT(ADDRESS(ROW(),MATCH("",$4:$4,-1),1,1)),"Y") -> 18 | H16: =COUNTIF($L16:INDIRECT(ADDRESS(ROW(),MATCH("",$4:$4,-1),1,1)),"N") -> 0 | I16: =COUNTIF($L16:INDIRECT(ADDRESS(ROW(),MATCH("",$4:$4,-1),1,1)),"N/A") -> 0 | J16: =VLOOKUP($E16,ChkList!$A$47:$B$49,2,FALSE)*($F16-$I16) -> 54 | K16: =VLOOKUP($E16,ChkList!$A$47:$B$49,2,FALSE)*$G16 -> 54 | L16: =IFERROR(INDIRECT(ADDRESS(ROW()+15,10,1,TRUE,L$4)),"") -> Y | M16: =IFERROR(INDIRECT(ADDRESS(ROW()+15,10,1,TRUE,M$4)),"") -> Y | N16: =IFERROR(INDIRECT(ADDRESS(ROW()+15,10,1,TRUE,N$4)),"") -> Y | O16: =IFERROR(INDIRECT(ADDRESS(ROW()+15,10,1,TRUE,O$4)),"") -> Y | P16: =IFERROR(INDIRECT(ADDRESS(ROW()+15,10,1,TRUE,P$4)),"") -> Y | Q16: =IFERROR(INDIRECT(ADDRESS(ROW()+15,10,1,TRUE,Q$4)),"") -> Y | R16: =IFERROR(INDIRECT(ADDRESS(ROW()+15,10,1,TRUE,R$4)),"") -> Y | S16: =IFERROR(INDIRECT(ADDRESS(ROW()+15,10,1,TRUE,S$4)),"") -> Y | ... AC16: =IFERROR(INDIRECT(ADDRESS(ROW()+15,10,1,TRUE,AC$4)),"") -> Y
B17: U2-06 | C17: =ChkList!$B17 -> U-11 | D17: =ChkList!$C17 -> /etc/(x)inetd.conf 파일 소유자 및 권한 설정 | E17: =ChkList!$D17 -> H | F17: =COUNTA($L17:INDIRECT(ADDRESS(ROW(),MATCH("",$4:$4,-1),1,1))) -> 18 | G17: =COUNTIF($L17:INDIRECT(ADDRESS(ROW(),MATCH("",$4:$4,-1),1,1)),"Y") -> 18 | H17: =COUNTIF($L17:INDIRECT(ADDRESS(ROW(),MATCH("",$4:$4,-1),1,1)),"N") -> 0 | I17: =COUNTIF($L17:INDIRECT(ADDRESS(ROW(),MATCH("",$4:$4,-1),1,1)),"N/A") -> 0 | J17: =VLOOKUP($E17,ChkList!$A$47:$B$49,2,FALSE)*($F17-$I17) -> 54 | K17: =VLOOKUP($E17,ChkList!$A$47:$B$49,2,FALSE)*$G17 -> 54 | L17: =IFERROR(INDIRECT(ADDRESS(ROW()+15,10,1,TRUE,L$4)),"") -> Y | M17: =IFERROR(INDIRECT(ADDRESS(ROW()+15,10,1,TRUE,M$4)),"") -> Y | N17: =IFERROR(INDIRECT(ADDRESS(ROW()+15,10,1,TRUE,N$4)),"") -> Y | O17: =IFERROR(INDIRECT(ADDRESS(ROW()+15,10,1,TRUE,O$4)),"") -> Y | P17: =IFERROR(INDIRECT(ADDRESS(ROW()+15,10,1,TRUE,P$4)),"") -> Y | Q17: =IFERROR(INDIRECT(ADDRESS(ROW()+15,10,1,TRUE,Q$4)),"") -> Y | R17: =IFERROR(INDIRECT(ADDRESS(ROW()+15,10,1,TRUE,R$4)),"") -> Y | S17: =IFERROR(INDIRECT(ADDRESS(ROW()+15,10,1,TRUE,S$4)),"") -> Y | ... AC17: =IFERROR(INDIRECT(ADDRESS(ROW()+15,10,1,TRUE,AC$4)),"") -> Y
B18: U2-07 | C18: =ChkList!$B18 -> U-12 | D18: =ChkList!$C18 -> /etc/syslog.conf 파일 소유자 및 권한 설정 | E18: =ChkList!$D18 -> H | F18: =COUNTA($L18:INDIRECT(ADDRESS(ROW(),MATCH("",$4:$4,-1),1,1))) -> 18 | G18: =COUNTIF($L18:INDIRECT(ADDRESS(ROW(),MATCH("",$4:$4,-1),1,1)),"Y") -> 18 | H18: =COUNTIF($L18:INDIRECT(ADDRESS(ROW(),MATCH("",$4:$4,-1),1,1)),"N") -> 0 | I18: =COUNTIF($L18:INDIRECT(ADDRESS(ROW(),MATCH("",$4:$4,-1),1,1)),"N/A") -> 0 | J18: =VLOOKUP($E18,ChkList!$A$47:$B$49,2,FALSE)*($F18-$I18) -> 54 | K18: =VLOOKUP($E18,ChkList!$A$47:$B$49,2,FALSE)*$G18 -> 54 | L18: =IFERROR(INDIRECT(ADDRESS(ROW()+15,10,1,TRUE,L$4)),"") -> Y | M18: =IFERROR(INDIRECT(ADDRESS(ROW()+15,10,1,TRUE,M$4)),"") -> Y | N18: =IFERROR(INDIRECT(ADDRESS(ROW()+15,10,1,TRUE,N$4)),"") -> Y | O18: =IFERROR(INDIRECT(ADDRESS(ROW()+15,10,1,TRUE,O$4)),"") -> Y | P18: =IFERROR(INDIRECT(ADDRESS(ROW()+15,10,1,TRUE,P$4)),"") -> Y | Q18: =IFERROR(INDIRECT(ADDRESS(ROW()+15,10,1,TRUE,Q$4)),"") -> Y | R18: =IFERROR(INDIRECT(ADDRESS(ROW()+15,10,1,TRUE,R$4)),"") -> Y | S18: =IFERROR(INDIRECT(ADDRESS(ROW()+15,10,1,TRUE,S$4)),"") -> Y | ... AC18: =IFERROR(INDIRECT(ADDRESS(ROW()+15,10,1,TRUE,AC$4)),"") -> Y
B19: U2-08 | C19: =ChkList!$B19 -> U-13 | D19: =ChkList!$C19 -> /etc/services 파일 소유자 및 권한 설정 | E19: =ChkList!$D19 -> H | F19: =COUNTA($L19:INDIRECT(ADDRESS(ROW(),MATCH("",$4:$4,-1),1,1))) -> 18 | G19: =COUNTIF($L19:INDIRECT(ADDRESS(ROW(),MATCH("",$4:$4,-1),1,1)),"Y") -> 18 | H19: =COUNTIF($L19:INDIRECT(ADDRESS(ROW(),MATCH("",$4:$4,-1),1,1)),"N") -> 0 | I19: =COUNTIF($L19:INDIRECT(ADDRESS(ROW(),MATCH("",$4:$4,-1),1,1)),"N/A") -> 0 | J19: =VLOOKUP($E19,ChkList!$A$47:$B$49,2,FALSE)*($F19-$I19) -> 54 | K19: =VLOOKUP($E19,ChkList!$A$47:$B$49,2,FALSE)*$G19 -> 54 | L19: =IFERROR(INDIRECT(ADDRESS(ROW()+15,10,1,TRUE,L$4)),"") -> Y | M19: =IFERROR(INDIRECT(ADDRESS(ROW()+15,10,1,TRUE,M$4)),"") -> Y | N19: =IFERROR(INDIRECT(ADDRESS(ROW()+15,10,1,TRUE,N$4)),"") -> Y | O19: =IFERROR(INDIRECT(ADDRESS(ROW()+15,10,1,TRUE,O$4)),"") -> Y | P19: =IFERROR(INDIRECT(ADDRESS(ROW()+15,10,1,TRUE,P$4)),"") -> Y | Q19: =IFERROR(INDIRECT(ADDRESS(ROW()+15,10,1,TRUE,Q$4)),"") -> Y | R19: =IFERROR(INDIRECT(ADDRESS(ROW()+15,10,1,TRUE,R$4)),"") -> Y | S19: =IFERROR(INDIRECT(ADDRESS(ROW()+15,10,1,TRUE,S$4)),"") -> Y | ... AC19: =IFERROR(INDIRECT(ADDRESS(ROW()+15,10,1,TRUE,AC$4)),"") -> Y
B20: U2-09 | C20: =ChkList!$B20 -> U-14 | D20: =ChkList!$C20 -> SUID, SGID, Sticky bit 설정 파일 점검 | E20: =ChkList!$D20 -> H | F20: =COUNTA($L20:INDIRECT(ADDRESS(ROW(),MATCH("",$4:$4,-1),1,1))) -> 18 | G20: =COUNTIF($L20:INDIRECT(ADDRESS(ROW(),MATCH("",$4:$4,-1),1,1)),"Y") -> 5 | H20: =COUNTIF($L20:INDIRECT(ADDRESS(ROW(),MATCH("",$4:$4,-1),1,1)),"N") -> 13 | I20: =COUNTIF($L20:INDIRECT(ADDRESS(ROW(),MATCH("",$4:$4,-1),1,1)),"N/A") -> 0 | J20: =VLOOKUP($E20,ChkList!$A$47:$B$49,2,FALSE)*($F20-$I20) -> 54 | K20: =VLOOKUP($E20,ChkList!$A$47:$B$49,2,FALSE)*$G20 -> 15 | L20: =IFERROR(INDIRECT(ADDRESS(ROW()+15,10,1,TRUE,L$4)),"") -> Y | M20: =IFERROR(INDIRECT(ADDRESS(ROW()+15,10,1,TRUE,M$4)),"") -> Y | N20: =IFERROR(INDIRECT(ADDRESS(ROW()+15,10,1,TRUE,N$4)),"") -> Y | O20: =IFERROR(INDIRECT(ADDRESS(ROW()+15,10,1,TRUE,O$4)),"") -> Y | P20: =IFERROR(INDIRECT(ADDRESS(ROW()+15,10,1,TRUE,P$4)),"") -> Y | Q20: =IFERROR(INDIRECT(ADDRESS(ROW()+15,10,1,TRUE,Q$4)),"") -> N | R20: =IFERROR(INDIRECT(ADDRESS(ROW()+15,10,1,TRUE,R$4)),"") -> N | S20: =IFERROR(INDIRECT(ADDRESS(ROW()+15,10,1,TRUE,S$4)),"") -> N | ... AC20: =IFERROR(INDIRECT(ADDRESS(ROW()+15,10,1,TRUE,AC$4)),"") -> N
B21: U2-10 | C21: =ChkList!$B21 -> U-15 | D21: =ChkList!$C21 -> 사용자, 시스템 시작파일 및 환경파일 소유자 및 권한 설정 | E21: =ChkList!$D21 -> H | F21: =COUNTA($L21:INDIRECT(ADDRESS(ROW(),MATCH("",$4:$4,-1),1,1))) -> 18 | G21: =COUNTIF($L21:INDIRECT(ADDRESS(ROW(),MATCH("",$4:$4,-1),1,1)),"Y") -> 18 | H21: =COUNTIF($L21:INDIRECT(ADDRESS(ROW(),MATCH("",$4:$4,-1),1,1)),"N") -> 0 | I21: =COUNTIF($L21:INDIRECT(ADDRESS(ROW(),MATCH("",$4:$4,-1),1,1)),"N/A") -> 0 | J21: =VLOOKUP($E21,ChkList!$A$47:$B$49,2,FALSE)*($F21-$I21) -> 54 | K21: =VLOOKUP($E21,ChkList!$A$47:$B$49,2,FALSE)*$G21 -> 54 | L21: =IFERROR(INDIRECT(ADDRESS(ROW()+15,10,1,TRUE,L$4)),"") -> Y | M21: =IFERROR(INDIRECT(ADDRESS(ROW()+15,10,1,TRUE,M$4)),"") -> Y | N21: =IFERROR(INDIRECT(ADDRESS(ROW()+15,10,1,TRUE,N$4)),"") -> Y | O21: =IFERROR(INDIRECT(ADDRESS(ROW()+15,10,1,TRUE,O$4)),"") -> Y | P21: =IFERROR(INDIRECT(ADDRESS(ROW()+15,10,1,TRUE,P$4)),"") -> Y | Q21: =IFERROR(INDIRECT(ADDRESS(ROW()+15,10,1,TRUE,Q$4)),"") -> Y | R21: =IFERROR(INDIRECT(ADDRESS(ROW()+15,10,1,TRUE,R$4)),"") -> Y | S21: =IFERROR(INDIRECT(ADDRESS(ROW()+15,10,1,TRUE,S$4)),"") -> Y | ... AC21: =IFERROR(INDIRECT(ADDRESS(ROW()+15,10,1,TRUE,AC$4)),"") -> Y
B22: U2-11 | C22: =ChkList!$B22 -> U-16 | D22: =ChkList!$C22 -> world writable 파일 점검 | E22: =ChkList!$D22 -> H | F22: =COUNTA($L22:INDIRECT(ADDRESS(ROW(),MATCH("",$4:$4,-1),1,1))) -> 18 | G22: =COUNTIF($L22:INDIRECT(ADDRESS(ROW(),MATCH("",$4:$4,-1),1,1)),"Y") -> 16 | H22: =COUNTIF($L22:INDIRECT(ADDRESS(ROW(),MATCH("",$4:$4,-1),1,1)),"N") -> 2 | I22: =COUNTIF($L22:INDIRECT(ADDRESS(ROW(),MATCH("",$4:$4,-1),1,1)),"N/A") -> 0 | J22: =VLOOKUP($E22,ChkList!$A$47:$B$49,2,FALSE)*($F22-$I22) -> 54 | K22: =VLOOKUP($E22,ChkList!$A$47:$B$49,2,FALSE)*$G22 -> 48 | L22: =IFERROR(INDIRECT(ADDRESS(ROW()+15,10,1,TRUE,L$4)),"") -> Y | M22: =IFERROR(INDIRECT(ADDRESS(ROW()+15,10,1,TRUE,M$4)),"") -> Y | N22: =IFERROR(INDIRECT(ADDRESS(ROW()+15,10,1,TRUE,N$4)),"") -> Y | O22: =IFERROR(INDIRECT(ADDRESS(ROW()+15,10,1,TRUE,O$4)),"") -> N | P22: =IFERROR(INDIRECT(ADDRESS(ROW()+15,10,1,TRUE,P$4)),"") -> N | Q22: =IFERROR(INDIRECT(ADDRESS(ROW()+15,10,1,TRUE,Q$4)),"") -> Y | R22: =IFERROR(INDIRECT(ADDRESS(ROW()+15,10,1,TRUE,R$4)),"") -> Y | S22: =IFERROR(INDIRECT(ADDRESS(ROW()+15,10,1,TRUE,S$4)),"") -> Y | ... AC22: =IFERROR(INDIRECT(ADDRESS(ROW()+15,10,1,TRUE,AC$4)),"") -> Y
B23: U2-13 | C23: =ChkList!$B23 -> U-17 | D23: =ChkList!$C23 -> $HOME/.rhosts, hosts.equiv 사용 금지 | E23: =ChkList!$D23 -> H | F23: =COUNTA($L23:INDIRECT(ADDRESS(ROW(),MATCH("",$4:$4,-1),1,1))) -> 18 | G23: =COUNTIF($L23:INDIRECT(ADDRESS(ROW(),MATCH("",$4:$4,-1),1,1)),"Y") -> 18 | H23: =COUNTIF($L23:INDIRECT(ADDRESS(ROW(),MATCH("",$4:$4,-1),1,1)),"N") -> 0 | I23: =COUNTIF($L23:INDIRECT(ADDRESS(ROW(),MATCH("",$4:$4,-1),1,1)),"N/A") -> 0 | J23: =VLOOKUP($E23,ChkList!$A$47:$B$49,2,FALSE)*($F23-$I23) -> 54 | K23: =VLOOKUP($E23,ChkList!$A$47:$B$49,2,FALSE)*$G23 -> 54 | L23: =IFERROR(INDIRECT(ADDRESS(ROW()+15,10,1,TRUE,L$4)),"") -> Y | M23: =IFERROR(INDIRECT(ADDRESS(ROW()+15,10,1,TRUE,M$4)),"") -> Y | N23: =IFERROR(INDIRECT(ADDRESS(ROW()+15,10,1,TRUE,N$4)),"") -> Y | O23: =IFERROR(INDIRECT(ADDRESS(ROW()+15,10,1,TRUE,O$4)),"") -> Y | P23: =IFERROR(INDIRECT(ADDRESS(ROW()+15,10,1,TRUE,P$4)),"") -> Y | Q23: =IFERROR(INDIRECT(ADDRESS(ROW()+15,10,1,TRUE,Q$4)),"") -> Y | R23: =IFERROR(INDIRECT(ADDRESS(ROW()+15,10,1,TRUE,R$4)),"") -> Y | S23: =IFERROR(INDIRECT(ADDRESS(ROW()+15,10,1,TRUE,S$4)),"") -> Y | ... AC23: =IFERROR(INDIRECT(ADDRESS(ROW()+15,10,1,TRUE,AC$4)),"") -> Y
... B25: U2-15 | C25: =ChkList!$B25 -> U-19 | D25: =ChkList!$C25 -> cron 파일 소유자 및 권한 설정 | E25: =ChkList!$D25 -> H | F25: =COUNTA($L25:INDIRECT(ADDRESS(ROW(),MATCH("",$4:$4,-1),1,1))) -> 18 | G25: =COUNTIF($L25:INDIRECT(ADDRESS(ROW(),MATCH("",$4:$4,-1),1,1)),"Y") -> 18 | H25: =COUNTIF($L25:INDIRECT(ADDRESS(ROW(),MATCH("",$4:$4,-1),1,1)),"N") -> 0 | I25: =COUNTIF($L25:INDIRECT(ADDRESS(ROW(),MATCH("",$4:$4,-1),1,1)),"N/A") -> 0 | J25: =VLOOKUP($E25,ChkList!$A$47:$B$49,2,FALSE)*($F25-$I25) -> 54 | K25: =VLOOKUP($E25,ChkList!$A$47:$B$49,2,FALSE)*$G25 -> 54 | L25: =IFERROR(INDIRECT(ADDRESS(ROW()+15,10,1,TRUE,L$4)),"") -> Y | M25: =IFERROR(INDIRECT(ADDRESS(ROW()+15,10,1,TRUE,M$4)),"") -> Y | N25: =IFERROR(INDIRECT(ADDRESS(ROW()+15,10,1,TRUE,N$4)),"") -> Y | O25: =IFERROR(INDIRECT(ADDRESS(ROW()+15,10,1,TRUE,O$4)),"") -> Y | P25: =IFERROR(INDIRECT(ADDRESS(ROW()+15,10,1,TRUE,P$4)),"") -> Y | Q25: =IFERROR(INDIRECT(ADDRESS(ROW()+15,10,1,TRUE,Q$4)),"") -> Y | R25: =IFERROR(INDIRECT(ADDRESS(ROW()+15,10,1,TRUE,R$4)),"") -> Y | S25: =IFERROR(INDIRECT(ADDRESS(ROW()+15,10,1,TRUE,S$4)),"") -> Y | ... AC25: =IFERROR(INDIRECT(ADDRESS(ROW()+15,10,1,TRUE,AC$4)),"") -> Y
A26: =ChkList!$A$26 -> U3 | C26: =VLOOKUP($A26,ChkList!$A$5:$B$44,2,FALSE) -> 서비스 관리
B27: U3-01 | C27: =ChkList!$B27 -> U-20 | D27: =ChkList!$C27 -> Finger 서비스 비활성화 | E27: =ChkList!$D27 -> H | F27: =COUNTA($L27:INDIRECT(ADDRESS(ROW(),MATCH("",$4:$4,-1),1,1))) -> 18 | G27: =COUNTIF($L27:INDIRECT(ADDRESS(ROW(),MATCH("",$4:$4,-1),1,1)),"Y") -> 18 | H27: =COUNTIF($L27:INDIRECT(ADDRESS(ROW(),MATCH("",$4:$4,-1),1,1)),"N") -> 0 | I27: =COUNTIF($L27:INDIRECT(ADDRESS(ROW(),MATCH("",$4:$4,-1),1,1)),"N/A") -> 0 | J27: =VLOOKUP($E27,ChkList!$A$47:$B$49,2,FALSE)*($F27-$I27) -> 54 | K27: =VLOOKUP($E27,ChkList!$A$47:$B$49,2,FALSE)*$G27 -> 54 | L27: =IFERROR(INDIRECT(ADDRESS(ROW()+15,10,1,TRUE,L$4)),"") -> Y | M27: =IFERROR(INDIRECT(ADDRESS(ROW()+15,10,1,TRUE,M$4)),"") -> Y | N27: =IFERROR(INDIRECT(ADDRESS(ROW()+15,10,1,TRUE,N$4)),"") -> Y | O27: =IFERROR(INDIRECT(ADDRESS(ROW()+15,10,1,TRUE,O$4)),"") -> Y | P27: =IFERROR(INDIRECT(ADDRESS(ROW()+15,10,1,TRUE,P$4)),"") -> Y | Q27: =IFERROR(INDIRECT(ADDRESS(ROW()+15,10,1,TRUE,Q$4)),"") -> Y | R27: =IFERROR(INDIRECT(ADDRESS(ROW()+15,10,1,TRUE,R$4)),"") -> Y | S27: =IFERROR(INDIRECT(ADDRESS(ROW()+15,10,1,TRUE,S$4)),"") -> Y | ... AC27: =IFERROR(INDIRECT(ADDRESS(ROW()+15,10,1,TRUE,AC$4)),"") -> Y
B28: U3-02 | C28: =ChkList!$B28 -> U-21 | D28: =ChkList!$C28 -> Anonymous FTP 비활성화 | E28: =ChkList!$D28 -> H | F28: =COUNTA($L28:INDIRECT(ADDRESS(ROW(),MATCH("",$4:$4,-1),1,1))) -> 18 | G28: =COUNTIF($L28:INDIRECT(ADDRESS(ROW(),MATCH("",$4:$4,-1),1,1)),"Y") -> 17 | H28: =COUNTIF($L28:INDIRECT(ADDRESS(ROW(),MATCH("",$4:$4,-1),1,1)),"N") -> 1 | I28: =COUNTIF($L28:INDIRECT(ADDRESS(ROW(),MATCH("",$4:$4,-1),1,1)),"N/A") -> 0 | J28: =VLOOKUP($E28,ChkList!$A$47:$B$49,2,FALSE)*($F28-$I28) -> 54 | K28: =VLOOKUP($E28,ChkList!$A$47:$B$49,2,FALSE)*$G28 -> 51 | L28: =IFERROR(INDIRECT(ADDRESS(ROW()+15,10,1,TRUE,L$4)),"") -> Y | M28: =IFERROR(INDIRECT(ADDRESS(ROW()+15,10,1,TRUE,M$4)),"") -> Y | N28: =IFERROR(INDIRECT(ADDRESS(ROW()+15,10,1,TRUE,N$4)),"") -> N | O28: =IFERROR(INDIRECT(ADDRESS(ROW()+15,10,1,TRUE,O$4)),"") -> Y | P28: =IFERROR(INDIRECT(ADDRESS(ROW()+15,10,1,TRUE,P$4)),"") -> Y | Q28: =IFERROR(INDIRECT(ADDRESS(ROW()+15,10,1,TRUE,Q$4)),"") -> Y | R28: =IFERROR(INDIRECT(ADDRESS(ROW()+15,10,1,TRUE,R$4)),"") -> Y | S28: =IFERROR(INDIRECT(ADDRESS(ROW()+15,10,1,TRUE,S$4)),"") -> Y | ... AC28: =IFERROR(INDIRECT(ADDRESS(ROW()+15,10,1,TRUE,AC$4)),"") -> Y
B29: U3-03 | C29: =ChkList!$B29 -> U-22 | D29: =ChkList!$C29 -> r 계열 서비스 비활성화 | E29: =ChkList!$D29 -> H | F29: =COUNTA($L29:INDIRECT(ADDRESS(ROW(),MATCH("",$4:$4,-1),1,1))) -> 18 | G29: =COUNTIF($L29:INDIRECT(ADDRESS(ROW(),MATCH("",$4:$4,-1),1,1)),"Y") -> 18 | H29: =COUNTIF($L29:INDIRECT(ADDRESS(ROW(),MATCH("",$4:$4,-1),1,1)),"N") -> 0 | I29: =COUNTIF($L29:INDIRECT(ADDRESS(ROW(),MATCH("",$4:$4,-1),1,1)),"N/A") -> 0 | J29: =VLOOKUP($E29,ChkList!$A$47:$B$49,2,FALSE)*($F29-$I29) -> 54 | K29: =VLOOKUP($E29,ChkList!$A$47:$B$49,2,FALSE)*$G29 -> 54 | L29: =IFERROR(INDIRECT(ADDRESS(ROW()+15,10,1,TRUE,L$4)),"") -> Y | M29: =IFERROR(INDIRECT(ADDRESS(ROW()+15,10,1,TRUE,M$4)),"") -> Y | N29: =IFERROR(INDIRECT(ADDRESS(ROW()+15,10,1,TRUE,N$4)),"") -> Y | O29: =IFERROR(INDIRECT(ADDRESS(ROW()+15,10,1,TRUE,O$4)),"") -> Y | P29: =IFERROR(INDIRECT(ADDRESS(ROW()+15,10,1,TRUE,P$4)),"") -> Y | Q29: =IFERROR(INDIRECT(ADDRESS(ROW()+15,10,1,TRUE,Q$4)),"") -> Y | R29: =IFERROR(INDIRECT(ADDRESS(ROW()+15,10,1,TRUE,R$4)),"") -> Y | S29: =IFERROR(INDIRECT(ADDRESS(ROW()+15,10,1,TRUE,S$4)),"") -> Y | ... AC29: =IFERROR(INDIRECT(ADDRESS(ROW()+15,10,1,TRUE,AC$4)),"") -> Y
B30: U3-04 | C30: =ChkList!$B30 -> U-23 | D30: =ChkList!$C30 -> DoS 공격에 취약한 서비스 비활성화 | E30: =ChkList!$D30 -> H | F30: =COUNTA($L30:INDIRECT(ADDRESS(ROW(),MATCH("",$4:$4,-1),1,1))) -> 18 | G30: =COUNTIF($L30:INDIRECT(ADDRESS(ROW(),MATCH("",$4:$4,-1),1,1)),"Y") -> 18 | H30: =COUNTIF($L30:INDIRECT(ADDRESS(ROW(),MATCH("",$4:$4,-1),1,1)),"N") -> 0 | I30: =COUNTIF($L30:INDIRECT(ADDRESS(ROW(),MATCH("",$4:$4,-1),1,1)),"N/A") -> 0 | J30: =VLOOKUP($E30,ChkList!$A$47:$B$49,2,FALSE)*($F30-$I30) -> 54 | K30: =VLOOKUP($E30,ChkList!$A$47:$B$49,2,FALSE)*$G30 -> 54 | L30: =IFERROR(INDIRECT(ADDRESS(ROW()+15,10,1,TRUE,L$4)),"") -> Y | M30: =IFERROR(INDIRECT(ADDRESS(ROW()+15,10,1,TRUE,M$4)),"") -> Y | N30: =IFERROR(INDIRECT(ADDRESS(ROW()+15,10,1,TRUE,N$4)),"") -> Y | O30: =IFERROR(INDIRECT(ADDRESS(ROW()+15,10,1,TRUE,O$4)),"") -> Y | P30: =IFERROR(INDIRECT(ADDRESS(ROW()+15,10,1,TRUE,P$4)),"") -> Y | Q30: =IFERROR(INDIRECT(ADDRESS(ROW()+15,10,1,TRUE,Q$4)),"") -> Y | R30: =IFERROR(INDIRECT(ADDRESS(ROW()+15,10,1,TRUE,R$4)),"") -> Y | S30: =IFERROR(INDIRECT(ADDRESS(ROW()+15,10,1,TRUE,S$4)),"") -> Y | ... AC30: =IFERROR(INDIRECT(ADDRESS(ROW()+15,10,1,TRUE,AC$4)),"") -> Y
B31: U3-05 | C31: =ChkList!$B31 -> U-24 | D31: =ChkList!$C31 -> NFS 서비스 비활성화 | E31: =ChkList!$D31 -> H | F31: =COUNTA($L31:INDIRECT(ADDRESS(ROW(),MATCH("",$4:$4,-1),1,1))) -> 18 | G31: =COUNTIF($L31:INDIRECT(ADDRESS(ROW(),MATCH("",$4:$4,-1),1,1)),"Y") -> 18 | H31: =COUNTIF($L31:INDIRECT(ADDRESS(ROW(),MATCH("",$4:$4,-1),1,1)),"N") -> 0 | I31: =COUNTIF($L31:INDIRECT(ADDRESS(ROW(),MATCH("",$4:$4,-1),1,1)),"N/A") -> 0 | J31: =VLOOKUP($E31,ChkList!$A$47:$B$49,2,FALSE)*($F31-$I31) -> 54 | K31: =VLOOKUP($E31,ChkList!$A$47:$B$49,2,FALSE)*$G31 -> 54 | L31: =IFERROR(INDIRECT(ADDRESS(ROW()+15,10,1,TRUE,L$4)),"") -> Y | M31: =IFERROR(INDIRECT(ADDRESS(ROW()+15,10,1,TRUE,M$4)),"") -> Y | N31: =IFERROR(INDIRECT(ADDRESS(ROW()+15,10,1,TRUE,N$4)),"") -> Y | O31: =IFERROR(INDIRECT(ADDRESS(ROW()+15,10,1,TRUE,O$4)),"") -> Y | P31: =IFERROR(INDIRECT(ADDRESS(ROW()+15,10,1,TRUE,P$4)),"") -> Y | Q31: =IFERROR(INDIRECT(ADDRESS(ROW()+15,10,1,TRUE,Q$4)),"") -> Y | R31: =IFERROR(INDIRECT(ADDRESS(ROW()+15,10,1,TRUE,R$4)),"") -> Y | S31: =IFERROR(INDIRECT(ADDRESS(ROW()+15,10,1,TRUE,S$4)),"") -> Y | ... AC31: =IFERROR(INDIRECT(ADDRESS(ROW()+15,10,1,TRUE,AC$4)),"") -> Y
B32: U3-06 | C32: =ChkList!$B32 -> U-25 | D32: =ChkList!$C32 -> NFS 접근통제 | E32: =ChkList!$D32 -> H | F32: =COUNTA($L32:INDIRECT(ADDRESS(ROW(),MATCH("",$4:$4,-1),1,1))) -> 18 | G32: =COUNTIF($L32:INDIRECT(ADDRESS(ROW(),MATCH("",$4:$4,-1),1,1)),"Y") -> 18 | H32: =COUNTIF($L32:INDIRECT(ADDRESS(ROW(),MATCH("",$4:$4,-1),1,1)),"N") -> 0 | I32: =COUNTIF($L32:INDIRECT(ADDRESS(ROW(),MATCH("",$4:$4,-1),1,1)),"N/A") -> 0 | J32: =VLOOKUP($E32,ChkList!$A$47:$B$49,2,FALSE)*($F32-$I32) -> 54 | K32: =VLOOKUP($E32,ChkList!$A$47:$B$49,2,FALSE)*$G32 -> 54 | L32: =IFERROR(INDIRECT(ADDRESS(ROW()+15,10,1,TRUE,L$4)),"") -> Y | M32: =IFERROR(INDIRECT(ADDRESS(ROW()+15,10,1,TRUE,M$4)),"") -> Y | N32: =IFERROR(INDIRECT(ADDRESS(ROW()+15,10,1,TRUE,N$4)),"") -> Y | O32: =IFERROR(INDIRECT(ADDRESS(ROW()+15,10,1,TRUE,O$4)),"") -> Y | P32: =IFERROR(INDIRECT(ADDRESS(ROW()+15,10,1,TRUE,P$4)),"") -> Y | Q32: =IFERROR(INDIRECT(ADDRESS(ROW()+15,10,1,TRUE,Q$4)),"") -> Y | R32: =IFERROR(INDIRECT(ADDRESS(ROW()+15,10,1,TRUE,R$4)),"") -> Y | S32: =IFERROR(INDIRECT(ADDRESS(ROW()+15,10,1,TRUE,S$4)),"") -> Y | ... AC32: =IFERROR(INDIRECT(ADDRESS(ROW()+15,10,1,TRUE,AC$4)),"") -> Y
B33: U3-07 | C33: =ChkList!$B33 -> U-26 | D33: =ChkList!$C33 -> automountd 제거 | E33: =ChkList!$D33 -> H | F33: =COUNTA($L33:INDIRECT(ADDRESS(ROW(),MATCH("",$4:$4,-1),1,1))) -> 18 | G33: =COUNTIF($L33:INDIRECT(ADDRESS(ROW(),MATCH("",$4:$4,-1),1,1)),"Y") -> 18 | H33: =COUNTIF($L33:INDIRECT(ADDRESS(ROW(),MATCH("",$4:$4,-1),1,1)),"N") -> 0 | I33: =COUNTIF($L33:INDIRECT(ADDRESS(ROW(),MATCH("",$4:$4,-1),1,1)),"N/A") -> 0 | J33: =VLOOKUP($E33,ChkList!$A$47:$B$49,2,FALSE)*($F33-$I33) -> 54 | K33: =VLOOKUP($E33,ChkList!$A$47:$B$49,2,FALSE)*$G33 -> 54 | L33: =IFERROR(INDIRECT(ADDRESS(ROW()+15,10,1,TRUE,L$4)),"") -> Y | M33: =IFERROR(INDIRECT(ADDRESS(ROW()+15,10,1,TRUE,M$4)),"") -> Y | N33: =IFERROR(INDIRECT(ADDRESS(ROW()+15,10,1,TRUE,N$4)),"") -> Y | O33: =IFERROR(INDIRECT(ADDRESS(ROW()+15,10,1,TRUE,O$4)),"") -> Y | P33: =IFERROR(INDIRECT(ADDRESS(ROW()+15,10,1,TRUE,P$4)),"") -> Y | Q33: =IFERROR(INDIRECT(ADDRESS(ROW()+15,10,1,TRUE,Q$4)),"") -> Y | R33: =IFERROR(INDIRECT(ADDRESS(ROW()+15,10,1,TRUE,R$4)),"") -> Y | S33: =IFERROR(INDIRECT(ADDRESS(ROW()+15,10,1,TRUE,S$4)),"") -> Y | ... AC33: =IFERROR(INDIRECT(ADDRESS(ROW()+15,10,1,TRUE,AC$4)),"") -> Y
B34: U3-08 | C34: =ChkList!$B34 -> U-27 | D34: =ChkList!$C34 -> RPC 서비스 확인 | E34: =ChkList!$D34 -> H | F34: =COUNTA($L34:INDIRECT(ADDRESS(ROW(),MATCH("",$4:$4,-1),1,1))) -> 18 | G34: =COUNTIF($L34:INDIRECT(ADDRESS(ROW(),MATCH("",$4:$4,-1),1,1)),"Y") -> 18 | H34: =COUNTIF($L34:INDIRECT(ADDRESS(ROW(),MATCH("",$4:$4,-1),1,1)),"N") -> 0 | I34: =COUNTIF($L34:INDIRECT(ADDRESS(ROW(),MATCH("",$4:$4,-1),1,1)),"N/A") -> 0 | J34: =VLOOKUP($E34,ChkList!$A$47:$B$49,2,FALSE)*($F34-$I34) -> 54 | K34: =VLOOKUP($E34,ChkList!$A$47:$B$49,2,FALSE)*$G34 -> 54 | L34: =IFERROR(INDIRECT(ADDRESS(ROW()+15,10,1,TRUE,L$4)),"") -> Y | M34: =IFERROR(INDIRECT(ADDRESS(ROW()+15,10,1,TRUE,M$4)),"") -> Y | N34: =IFERROR(INDIRECT(ADDRESS(ROW()+15,10,1,TRUE,N$4)),"") -> Y | O34: =IFERROR(INDIRECT(ADDRESS(ROW()+15,10,1,TRUE,O$4)),"") -> Y | P34: =IFERROR(INDIRECT(ADDRESS(ROW()+15,10,1,TRUE,P$4)),"") -> Y | Q34: =IFERROR(INDIRECT(ADDRESS(ROW()+15,10,1,TRUE,Q$4)),"") -> Y | R34: =IFERROR(INDIRECT(ADDRESS(ROW()+15,10,1,TRUE,R$4)),"") -> Y | S34: =IFERROR(INDIRECT(ADDRESS(ROW()+15,10,1,TRUE,S$4)),"") -> Y | ... AC34: =IFERROR(INDIRECT(ADDRESS(ROW()+15,10,1,TRUE,AC$4)),"") -> Y
B35: U3-09 | C35: =ChkList!$B35 -> U-28 | D35: =ChkList!$C35 -> NIS, NIS+ 점검 | E35: =ChkList!$D35 -> H | F35: =COUNTA($L35:INDIRECT(ADDRESS(ROW(),MATCH("",$4:$4,-1),1,1))) -> 18 | G35: =COUNTIF($L35:INDIRECT(ADDRESS(ROW(),MATCH("",$4:$4,-1),1,1)),"Y") -> 18 | H35: =COUNTIF($L35:INDIRECT(ADDRESS(ROW(),MATCH("",$4:$4,-1),1,1)),"N") -> 0 | I35: =COUNTIF($L35:INDIRECT(ADDRESS(ROW(),MATCH("",$4:$4,-1),1,1)),"N/A") -> 0 | J35: =VLOOKUP($E35,ChkList!$A$47:$B$49,2,FALSE)*($F35-$I35) -> 54 | K35: =VLOOKUP($E35,ChkList!$A$47:$B$49,2,FALSE)*$G35 -> 54 | L35: =IFERROR(INDIRECT(ADDRESS(ROW()+15,10,1,TRUE,L$4)),"") -> Y | M35: =IFERROR(INDIRECT(ADDRESS(ROW()+15,10,1,TRUE,M$4)),"") -> Y | N35: =IFERROR(INDIRECT(ADDRESS(ROW()+15,10,1,TRUE,N$4)),"") -> Y | O35: =IFERROR(INDIRECT(ADDRESS(ROW()+15,10,1,TRUE,O$4)),"") -> Y | P35: =IFERROR(INDIRECT(ADDRESS(ROW()+15,10,1,TRUE,P$4)),"") -> Y | Q35: =IFERROR(INDIRECT(ADDRESS(ROW()+15,10,1,TRUE,Q$4)),"") -> Y | R35: =IFERROR(INDIRECT(ADDRESS(ROW()+15,10,1,TRUE,R$4)),"") -> Y | S35: =IFERROR(INDIRECT(ADDRESS(ROW()+15,10,1,TRUE,S$4)),"") -> Y | ... AC35: =IFERROR(INDIRECT(ADDRESS(ROW()+15,10,1,TRUE,AC$4)),"") -> Y
B36: U3-10 | C36: =ChkList!$B36 -> U-29 | D36: =ChkList!$C36 -> tftp, talk 서비스 비활성화 | E36: =ChkList!$D36 -> H | F36: =COUNTA($L36:INDIRECT(ADDRESS(ROW(),MATCH("",$4:$4,-1),1,1))) -> 18 | G36: =COUNTIF($L36:INDIRECT(ADDRESS(ROW(),MATCH("",$4:$4,-1),1,1)),"Y") -> 18 | H36: =COUNTIF($L36:INDIRECT(ADDRESS(ROW(),MATCH("",$4:$4,-1),1,1)),"N") -> 0 | I36: =COUNTIF($L36:INDIRECT(ADDRESS(ROW(),MATCH("",$4:$4,-1),1,1)),"N/A") -> 0 | J36: =VLOOKUP($E36,ChkList!$A$47:$B$49,2,FALSE)*($F36-$I36) -> 54 | K36: =VLOOKUP($E36,ChkList!$A$47:$B$49,2,FALSE)*$G36 -> 54 | L36: =IFERROR(INDIRECT(ADDRESS(ROW()+15,10,1,TRUE,L$4)),"") -> Y | M36: =IFERROR(INDIRECT(ADDRESS(ROW()+15,10,1,TRUE,M$4)),"") -> Y | N36: =IFERROR(INDIRECT(ADDRESS(ROW()+15,10,1,TRUE,N$4)),"") -> Y | O36: =IFERROR(INDIRECT(ADDRESS(ROW()+15,10,1,TRUE,O$4)),"") -> Y | P36: =IFERROR(INDIRECT(ADDRESS(ROW()+15,10,1,TRUE,P$4)),"") -> Y | Q36: =IFERROR(INDIRECT(ADDRESS(ROW()+15,10,1,TRUE,Q$4)),"") -> Y | R36: =IFERROR(INDIRECT(ADDRESS(ROW()+15,10,1,TRUE,R$4)),"") -> Y | S36: =IFERROR(INDIRECT(ADDRESS(ROW()+15,10,1,TRUE,S$4)),"") -> Y | ... AC36: =IFERROR(INDIRECT(ADDRESS(ROW()+15,10,1,TRUE,AC$4)),"") -> Y
B37: U3-11 | C37: =ChkList!$B37 -> U-30 | D37: =ChkList!$C37 -> Sendmail 버전 점검 | E37: =ChkList!$D37 -> H | F37: =COUNTA($L37:INDIRECT(ADDRESS(ROW(),MATCH("",$4:$4,-1),1,1))) -> 18 | G37: =COUNTIF($L37:INDIRECT(ADDRESS(ROW(),MATCH("",$4:$4,-1),1,1)),"Y") -> 18 | H37: =COUNTIF($L37:INDIRECT(ADDRESS(ROW(),MATCH("",$4:$4,-1),1,1)),"N") -> 0 | I37: =COUNTIF($L37:INDIRECT(ADDRESS(ROW(),MATCH("",$4:$4,-1),1,1)),"N/A") -> 0 | J37: =VLOOKUP($E37,ChkList!$A$47:$B$49,2,FALSE)*($F37-$I37) -> 54 | K37: =VLOOKUP($E37,ChkList!$A$47:$B$49,2,FALSE)*$G37 -> 54 | L37: =IFERROR(INDIRECT(ADDRESS(ROW()+15,10,1,TRUE,L$4)),"") -> Y | M37: =IFERROR(INDIRECT(ADDRESS(ROW()+15,10,1,TRUE,M$4)),"") -> Y | N37: =IFERROR(INDIRECT(ADDRESS(ROW()+15,10,1,TRUE,N$4)),"") -> Y | O37: =IFERROR(INDIRECT(ADDRESS(ROW()+15,10,1,TRUE,O$4)),"") -> Y | P37: =IFERROR(INDIRECT(ADDRESS(ROW()+15,10,1,TRUE,P$4)),"") -> Y | Q37: =IFERROR(INDIRECT(ADDRESS(ROW()+15,10,1,TRUE,Q$4)),"") -> Y | R37: =IFERROR(INDIRECT(ADDRESS(ROW()+15,10,1,TRUE,R$4)),"") -> Y | S37: =IFERROR(INDIRECT(ADDRESS(ROW()+15,10,1,TRUE,S$4)),"") -> Y | ... AC37: =IFERROR(INDIRECT(ADDRESS(ROW()+15,10,1,TRUE,AC$4)),"") -> Y
B38: U3-12 | C38: =ChkList!$B38 -> U-31 | D38: =ChkList!$C38 -> 스팸 메일 릴레이 제한 | E38: =ChkList!$D38 -> H | F38: =COUNTA($L38:INDIRECT(ADDRESS(ROW(),MATCH("",$4:$4,-1),1,1))) -> 18 | G38: =COUNTIF($L38:INDIRECT(ADDRESS(ROW(),MATCH("",$4:$4,-1),1,1)),"Y") -> 18 | H38: =COUNTIF($L38:INDIRECT(ADDRESS(ROW(),MATCH("",$4:$4,-1),1,1)),"N") -> 0 | I38: =COUNTIF($L38:INDIRECT(ADDRESS(ROW(),MATCH("",$4:$4,-1),1,1)),"N/A") -> 0 | J38: =VLOOKUP($E38,ChkList!$A$47:$B$49,2,FALSE)*($F38-$I38) -> 54 | K38: =VLOOKUP($E38,ChkList!$A$47:$B$49,2,FALSE)*$G38 -> 54 | L38: =IFERROR(INDIRECT(ADDRESS(ROW()+15,10,1,TRUE,L$4)),"") -> Y | M38: =IFERROR(INDIRECT(ADDRESS(ROW()+15,10,1,TRUE,M$4)),"") -> Y | N38: =IFERROR(INDIRECT(ADDRESS(ROW()+15,10,1,TRUE,N$4)),"") -> Y | O38: =IFERROR(INDIRECT(ADDRESS(ROW()+15,10,1,TRUE,O$4)),"") -> Y | P38: =IFERROR(INDIRECT(ADDRESS(ROW()+15,10,1,TRUE,P$4)),"") -> Y | Q38: =IFERROR(INDIRECT(ADDRESS(ROW()+15,10,1,TRUE,Q$4)),"") -> Y | R38: =IFERROR(INDIRECT(ADDRESS(ROW()+15,10,1,TRUE,R$4)),"") -> Y | S38: =IFERROR(INDIRECT(ADDRESS(ROW()+15,10,1,TRUE,S$4)),"") -> Y | ... AC38: =IFERROR(INDIRECT(ADDRESS(ROW()+15,10,1,TRUE,AC$4)),"") -> Y
... B41: U3-15 | C41: =ChkList!$B41 -> U-34 | D41: =ChkList!$C41 -> DNS ZoneTransfer 설정 | E41: =ChkList!$D41 -> H | F41: =COUNTA($L41:INDIRECT(ADDRESS(ROW(),MATCH("",$4:$4,-1),1,1))) -> 18 | G41: =COUNTIF($L41:INDIRECT(ADDRESS(ROW(),MATCH("",$4:$4,-1),1,1)),"Y") -> 18 | H41: =COUNTIF($L41:INDIRECT(ADDRESS(ROW(),MATCH("",$4:$4,-1),1,1)),"N") -> 0 | I41: =COUNTIF($L41:INDIRECT(ADDRESS(ROW(),MATCH("",$4:$4,-1),1,1)),"N/A") -> 0 | J41: =VLOOKUP($E41,ChkList!$A$47:$B$49,2,FALSE)*($F41-$I41) -> 54 | K41: =VLOOKUP($E41,ChkList!$A$47:$B$49,2,FALSE)*$G41 -> 54 | L41: =IFERROR(INDIRECT(ADDRESS(ROW()+15,10,1,TRUE,L$4)),"") -> Y | M41: =IFERROR(INDIRECT(ADDRESS(ROW()+15,10,1,TRUE,M$4)),"") -> Y | N41: =IFERROR(INDIRECT(ADDRESS(ROW()+15,10,1,TRUE,N$4)),"") -> Y | O41: =IFERROR(INDIRECT(ADDRESS(ROW()+15,10,1,TRUE,O$4)),"") -> Y | P41: =IFERROR(INDIRECT(ADDRESS(ROW()+15,10,1,TRUE,P$4)),"") -> Y | Q41: =IFERROR(INDIRECT(ADDRESS(ROW()+15,10,1,TRUE,Q$4)),"") -> Y | R41: =IFERROR(INDIRECT(ADDRESS(ROW()+15,10,1,TRUE,R$4)),"") -> Y | S41: =IFERROR(INDIRECT(ADDRESS(ROW()+15,10,1,TRUE,S$4)),"") -> Y | ... AC41: =IFERROR(INDIRECT(ADDRESS(ROW()+15,10,1,TRUE,AC$4)),"") -> Y
A42: =ChkList!$A$42 -> U4 | C42: =VLOOKUP($A42,ChkList!$A$5:$B$44,2,FALSE) -> 패치 및 로그관리
B43: U4-01 | C43: =ChkList!$B43 -> U-35 | D43: =ChkList!$C43 -> 최신 보안패치 및 벤더 권고사항 적용 | E43: =ChkList!$D43 -> H | F43: =COUNTA($L43:INDIRECT(ADDRESS(ROW(),MATCH("",$4:$4,-1),1,1))) -> 18 | G43: =COUNTIF($L43:INDIRECT(ADDRESS(ROW(),MATCH("",$4:$4,-1),1,1)),"Y") -> 0 | H43: =COUNTIF($L43:INDIRECT(ADDRESS(ROW(),MATCH("",$4:$4,-1),1,1)),"N") -> 18 | I43: =COUNTIF($L43:INDIRECT(ADDRESS(ROW(),MATCH("",$4:$4,-1),1,1)),"N/A") -> 0 | J43: =VLOOKUP($E43,ChkList!$A$47:$B$49,2,FALSE)*($F43-$I43) -> 54 | K43: =VLOOKUP($E43,ChkList!$A$47:$B$49,2,FALSE)*$G43 -> 0 | L43: =IFERROR(INDIRECT(ADDRESS(ROW()+15,10,1,TRUE,L$4)),"") -> N | M43: =IFERROR(INDIRECT(ADDRESS(ROW()+15,10,1,TRUE,M$4)),"") -> N | N43: =IFERROR(INDIRECT(ADDRESS(ROW()+15,10,1,TRUE,N$4)),"") -> N | O43: =IFERROR(INDIRECT(ADDRESS(ROW()+15,10,1,TRUE,O$4)),"") -> N | P43: =IFERROR(INDIRECT(ADDRESS(ROW()+15,10,1,TRUE,P$4)),"") -> N | Q43: =IFERROR(INDIRECT(ADDRESS(ROW()+15,10,1,TRUE,Q$4)),"") -> N | R43: =IFERROR(INDIRECT(ADDRESS(ROW()+15,10,1,TRUE,R$4)),"") -> N | S43: =IFERROR(INDIRECT(ADDRESS(ROW()+15,10,1,TRUE,S$4)),"") -> N | ... AC43: =IFERROR(INDIRECT(ADDRESS(ROW()+15,10,1,TRUE,AC$4)),"") -> N
B44: U4-02 | C44: =ChkList!$B44 -> U-36 | D44: =ChkList!$C44 -> 로그의 정기적 검토 및 보고 | E44: =ChkList!$D44 -> H | F44: =COUNTA($L44:INDIRECT(ADDRESS(ROW(),MATCH("",$4:$4,-1),1,1))) -> 18 | G44: =COUNTIF($L44:INDIRECT(ADDRESS(ROW(),MATCH("",$4:$4,-1),1,1)),"Y") -> 0 | H44: =COUNTIF($L44:INDIRECT(ADDRESS(ROW(),MATCH("",$4:$4,-1),1,1)),"N") -> 18 | I44: =COUNTIF($L44:INDIRECT(ADDRESS(ROW(),MATCH("",$4:$4,-1),1,1)),"N/A") -> 0 | J44: =VLOOKUP($E44,ChkList!$A$47:$B$49,2,FALSE)*($F44-$I44) -> 54 | K44: =VLOOKUP($E44,ChkList!$A$47:$B$49,2,FALSE)*$G44 -> 0 | L44: =IFERROR(INDIRECT(ADDRESS(ROW()+15,10,1,TRUE,L$4)),"") -> N | M44: =IFERROR(INDIRECT(ADDRESS(ROW()+15,10,1,TRUE,M$4)),"") -> N | N44: =IFERROR(INDIRECT(ADDRESS(ROW()+15,10,1,TRUE,N$4)),"") -> N | O44: =IFERROR(INDIRECT(ADDRESS(ROW()+15,10,1,TRUE,O$4)),"") -> N | P44: =IFERROR(INDIRECT(ADDRESS(ROW()+15,10,1,TRUE,P$4)),"") -> N | Q44: =IFERROR(INDIRECT(ADDRESS(ROW()+15,10,1,TRUE,Q$4)),"") -> N | R44: =IFERROR(INDIRECT(ADDRESS(ROW()+15,10,1,TRUE,R$4)),"") -> N | S44: =IFERROR(INDIRECT(ADDRESS(ROW()+15,10,1,TRUE,S$4)),"") -> N | ... AC44: =IFERROR(INDIRECT(ADDRESS(ROW()+15,10,1,TRUE,AC$4)),"") -> N
F45: =SUM(F5:F44) -> 648 | G45: =SUM(G5:G44) -> 520 | H45: =SUM(H5:H44) -> 128 | I45: =SUM(I5:I44) -> 0 | J45: =SUM(J5:J44) -> 1926 | K45: =SUM(K5:K44) -> 1557 | L45: =COUNTIFS(L$6:L$44,"<>",L$6:L$44,"<>0") -> 36 | M45: =COUNTIFS(M$6:M$44,"<>",M$6:M$44,"<>0") -> 36 | N45: =COUNTIFS(N$6:N$44,"<>",N$6:N$44,"<>0") -> 36 | O45: =COUNTIFS(O$6:O$44,"<>",O$6:O$44,"<>0") -> 36 | P45: =COUNTIFS(P$6:P$44,"<>",P$6:P$44,"<>0") -> 36 | Q45: =COUNTIFS(Q$6:Q$44,"<>",Q$6:Q$44,"<>0") -> 36 | R45: =COUNTIFS(R$6:R$44,"<>",R$6:R$44,"<>0") -> 36 | S45: =COUNTIFS(S$6:S$44,"<>",S$6:S$44,"<>0") -> 36 | ... AC45: =COUNTIFS(AC$6:AC$44,"<>",AC$6:AC$44,"<>0") -> 36

Sheet U_001
A1: 장비별 상세 점검결과
A3: 1) 시스템 현황
A4: No | E4: =RIGHT(CELL("filename",E4),LEN(CELL("filename",E4))-FIND("]",CELL("filename",E4))) -> U_001 | G4: 호스트명 | I4: =IFERROR(VLOOKUP($E$4,자산목록!$A$1:$I$844,2,FALSE),"N/A") -> idt-gov-jenkins
A5: SW 버전 | E5: =IFERROR(VLOOKUP($E$4,자산목록!$A$1:$I$851,4,FALSE),"N/A") & " " & IFERROR(VLOOKUP($E$4,자산목록!$A$1:$I$851,5,FALSE),"N/A") -> Rocky Linux 8.6 | G5: IP | I5: =IFERROR(VLOOKUP($E$4,자산목록!$A$1:$I$844,3,FALSE),"N/A") -> 10.0.0.10
A6: 변경 SW 버전 | E6: =IFERROR(VLOOKUP($E$4,자산목록!$A$1:$I$844,6,FALSE),"N/A") -> - | G6: 담당자 | I6: =IFERROR(VLOOKUP($E$4,자산목록!$A$1:$I$844,9,FALSE),"N/A") -> 박영규
A8: 2) 점검 결과
A9: ① 부분별 점검 결과
A10: 분류 | E10: 항목 통계 | H10: 점검 점수
E11: 전체 | F11: 점검 | G11: 양호 | H11: 전체 | I11: 평가 | J11: 수준
A12: U1 | C12: =VLOOKUP($A12,ChkList!$A$5:$B$44,2,FALSE) -> 계정 관리 | E12: =COUNTIF($B$21:INDIRECT(ADDRESS(MATCH("",$B:$B,-1),2,1,1)),$A12&"*") -> 5 | F12: =$E12-COUNTIFS($B$21:INDIRECT(ADDRESS(MATCH("",$B:$B,-1),2,1,1)),$A12&"*",$J$21:INDIRECT(ADDRESS(MATCH("",$B:$B,-1),10,1,1)),"N/A") -> 5 | G12: =COUNTIFS($B$21:INDIRECT(ADDRESS(MATCH("",$B:$B,-1),2,1,1)),$A12&"*",$J$21:INDIRECT(ADDRESS(MATCH("",$B:$B,-1),10,1,1)),"Y") -> 4 | H12: =SUMIF($B$21:INDIRECT(ADDRESS(MATCH("",$B:$B,-1),2,1,1)),$A12&"*",$M$21:INDIRECT(ADDRESS(MATCH("",$B:$B,-1),13,1,1))) -> 14 | I12: =SUMIF($B$21:INDIRECT(ADDRESS(MATCH("",$B:$B,-1),2,1,1)),$A12&"*",$N$21:INDIRECT(ADDRESS(MATCH("",$B:$B,-1),14,1,1))) -> 11 | J12: =IF(F12=0, "N/A", (I12/H12)) -> 0.78571429
A13: U2 | C13: =VLOOKUP($A13,ChkList!$A$5:$B$44,2,FALSE) -> 파일 및 디렉토리 관리 | E13: =COUNTIF($B$21:INDIRECT(ADDRESS(MATCH("",$B:$B,-1),2,1,1)),$A13&"*") -> 14 | F13: =$E13-COUNTIFS($B$21:INDIRECT(ADDRESS(MATCH("",$B:$B,-1),2,1,1)),$A13&"*",$J$21:INDIRECT(ADDRESS(MATCH("",$B:$B,-1),10,1,1)),"N/A") -> 14 | G13: =COUNTIFS($B$21:INDIRECT(ADDRESS(MATCH("",$B:$B,-1),2,1,1)),$A13&"*",$J$21:INDIRECT(ADDRESS(MATCH("",$B:$B,-1),10,1,1)),"Y") -> 13 | H13: =SUMIF($B$21:INDIRECT(ADDRESS(MATCH("",$B:$B,-1),2,1,1)),$A13&"*",$M$21:INDIRECT(ADDRESS(MATCH("",$B:$B,-1),13,1,1))) -> 42 | I13: =SUMIF($B$21:INDIRECT(ADDRESS(MATCH("",$B:$B,-1),2,1,1)),$A13&"*",$N$21:INDIRECT(ADDRESS(MATCH("",$B:$B,-1),14,1,1))) -> 39 | J13: =IF(F13=0, "N/A", (I13/H13)) -> 0.92857143
A14: U3 | C14: =VLOOKUP($A14,ChkList!$A$5:$B$44,2,FALSE) -> 서비스 관리 | E14: =COUNTIF($B$21:INDIRECT(ADDRESS(MATCH("",$B:$B,-1),2,1,1)),$A14&"*") -> 15 | F14: =$E14-COUNTIFS($B$21:INDIRECT(ADDRESS(MATCH("",$B:$B,-1),2,1,1)),$A14&"*",$J$21:INDIRECT(ADDRESS(MATCH("",$B:$B,-1),10,1,1)),"N/A") -> 15 | G14: =COUNTIFS($B$21:INDIRECT(ADDRESS(MATCH("",$B:$B,-1),2,1,1)),$A14&"*",$J$21:INDIRECT(ADDRESS(MATCH("",$B:$B,-1),10,1,1)),"Y") -> 15 | H14: =SUMIF($B$21:INDIRECT(ADDRESS(MATCH("",$B:$B,-1),2,1,1)),$A14&"*",$M$21:INDIRECT(ADDRESS(MATCH("",$B:$B,-1),13,1,1))) -> 45 | I14: =SUMIF($B$21:INDIRECT(ADDRESS(MATCH("",$B:$B,-1),2,1,1)),$A14&"*",$N$21:INDIRECT(ADDRESS(MATCH("",$B:$B,-1),14,1,1))) -> 45 | J14: =IF(F14=0, "N/A", (I14/H14)) -> 1
A15: U4 | C15: =VLOOKUP($A15,ChkList!$A$5:$B$44,2,FALSE) -> 패치 및 로그관리 | E15: =COUNTIF($B$21:INDIRECT(ADDRESS(MATCH("",$B:$B,-1),2,1,1)),$A15&"*") -> 2 | F15: =$E15-COUNTIFS($B$21:INDIRECT(ADDRESS(MATCH("",$B:$B,-1),2,1,1)),$A15&"*",$J$21:INDIRECT(ADDRESS(MATCH("",$B:$B,-1),10,1,1)),"N/A") -> 2 | G15: =COUNTIFS($B$21:INDIRECT(ADDRESS(MATCH("",$B:$B,-1),2,1,1)),$A15&"*",$J$21:INDIRECT(ADDRESS(MATCH("",$B:$B,-1),10,1,1)),"Y") -> 0 | H15: =SUMIF($B$21:INDIRECT(ADDRESS(MATCH("",$B:$B,-1),2,1,1)),$A15&"*",$M$21:INDIRECT(ADDRESS(MATCH("",$B:$B,-1),13,1,1))) -> 6 | I15: =SUMIF($B$21:INDIRECT(ADDRESS(MATCH("",$B:$B,-1),2,1,1)),$A15&"*",$N$21:INDIRECT(ADDRESS(MATCH("",$B:$B,-1),14,1,1))) -> 0 | J15: =IF(F15=0, "N/A", (I15/H15)) -> 0
A16: 전체 보안 수준 | E16: =SUM(E12:E15) -> 36 | F16: =SUM(F12:F15) -> 36 | G16: =SUM(G12:G15) -> 32 | H16: =SUM(H12:H15) -> 107 | I16: =SUM(I12:I15) -> 95 | J16: =IF(H16=0,"N/A",I16/H16) -> 0.88785047
A18: ② 상세 점검 현황 | L18: (양호: Y, 취약: N, 해당사항없음: N/A) | M18: HIDDEN 필드입니다
A19: 분류 | D19: 점검 항목 | I19: 중요도 | J19: 점검결과 | K19: 현황 | L19: 개선방안 | M19: 전체점수 | N19: 평가점수
A20: =$A$12 -> U1 | C20: =VLOOKUP($A12,ChkList!$A$5:$B$44,2,FALSE) -> 계정 관리
B21: U1-01 | C21: =ChkList!$B6 -> U-01 | D21: =ChkList!$C6 -> root 계정 원격 접속 제한 | I21: =ChkList!$D6 -> H | J21: =IF(IFERROR(FIND("[양호]",LEFT(K21,5)),0),"Y",IF(IFERROR(FIND("[취약]",LEFT(K21,5)),0),"N",IF(IFERROR(FIND("[N/A]",LEFT(K21,5)),0),"N/A","인터뷰"))) -> Y | K21: [양호] root 계정의 원격 접속 제한설정이 적용되어 있으므로 양호함 [현황] ------------- cat /etc/ssh/sshd_config | grep PermitRootLogin ------------- PermitRootLogin no # the setting of "PermitRootLogin without-password". | L21: =IF(J21="N",ChkList!G6,"") | M21: =IF($J21="N/A",0,VLOOKUP($I21,ChkList!$A$47:$B$49,2,FALSE))*1 -> 3 | N21: =IFERROR(VLOOKUP($I21,ChkList!$A$47:$B$49,2,FALSE)*VLOOKUP($J21,ChkList!$A$52:$B$54,2,FALSE),0) -> 3
B22: U1-02 | C22: =ChkList!$B7 -> U-02 | D22: =ChkList!$C7 -> 패스워드 복잡성 설정 | I22: =ChkList!$D7 -> H | J22: =IF(IFERROR(FIND("[양호]",LEFT(K22,5)),0),"Y",IF(IFERROR(FIND("[취약]",LEFT(K22,5)),0),"N",IF(IFERROR(FIND("[N/A]",LEFT(K22,5)),0),"N/A","인터뷰"))) -> N | K22: [취약] 패스워드 복잡성 설정이 적절(9글자 이상, 영문 대〮소문자, 숫자, 특수문자 1글자씩 사용)하나, enforce_for_root 설정이 되어있지 않으므로 취약함 [현황] ------------- cat /etc/security/pwquality.conf ------------- minlen = 8 minclass = 2 maxrepeat = 2 maxclassrepeat = 4 lcredit = -1 ucredit = -1 dcredit = -1 dcredit = -1 ocredit = -1 maxsequence = 2 difok = 5 gecoscheck = 1 | L22: =IF(J22="N",ChkList!G7,"") -> [CentOS 7이상] # vi /etc/pam.d/system-auth password requisite pam_pwquality.so try_first_pass enforce_for_root retry=5 type= minlen=9 lcredit=-1 ucredit=-1 dcredit=-1 ocredit=-1 [CentOS 6이하] # vi /etc/pam.d/system-auth password requisite pam_cracklib.so try_first_pass enforce_for_root retry=5 type= minlen=9 lcredit=-1 ucredit=-1 dcredit=-1 ocredit=-1 [Ubuntu, Debian] 1. libpam-pwquality 설치 # apt -y install libpam-pwquality 2. vi 편집기를 이용하여 설정 파일을 연 후 # vi /etc/pam.d/common-password 3. pam_pwquality.so 부분을 아래와 같이 설정(예시) password requisite pam_pwquality.so enforce_for_root retry=3 minlen=9 dcredit=-1 ucredit=-1 lcredit=-1 ocredit=-1 ※패스워드 복잡성 설정은 Debian 계열의 경우 common-password 파일 또는 pwquality.conf 파일, RedHat 계열의 경우 system-auth 파일 또는 pwquality.conf 파일 둘 중 한 곳에만 적용하면 되며, enforce_for_root 설정은 system-auth 파일에 적용해야 함 ***설정 시 모듈이 있는지 확인 필요*** [일반적으로 권장하는 패스워드 설정] 1. 패스워드의 길이는 최소 9자 이상으로 설정 2. 영문(대문자, 소문자), 숫자, 특수문자를 혼합하여 패스워드 설정 3. 패스워드는 주기적으로 변경하고, 재사용 금지 4. 사전에 있는 단어나 누구나 유추 가능한 간단한 패스워드 사용 금지 | M22: =IF($J22="N/A",0,VLOOKUP($I22,ChkList!$A$47:$B$49,2,FALSE))*1 -> 3 | N22: =IFERROR(VLOOKUP($I22,ChkList!$A$47:$B$49,2,FALSE)*VLOOKUP($J22,ChkList!$A$52:$B$54,2,FALSE),0) -> 0
B23: U1-03 | C23: =ChkList!$B8 -> U-03 | D23: =ChkList!$C8 -> 계정 잠금 임계값 설정 | I23: =ChkList!$D8 -> H | J23: =IF(IFERROR(FIND("[양호]",LEFT(K23,5)),0),"Y",IF(IFERROR(FIND("[취약]",LEFT(K23,5)),0),"N",IF(IFERROR(FIND("[N/A]",LEFT(K23,5)),0),"N/A","인터뷰"))) -> Y | K23: [양호] 계정잠금 임계값 설정이 적절(5회 이하)하므로 양호함 [현황] ------------- /etc/pam.d/system-auth | grep auth | grep required | grep deny= ------------- auth required pam_faillock.so preauth silent audit even_deny_root deny=5 unlock_time=60 ------------- cat /etc/pam.d/password-auth | grep auth | grep required | grep deny= ------------- auth required pam_faillock.so preauth silent audit deny=5 unlock_time=120 | L23: =IF(J23="N",ChkList!G8,"") | M23: =IF($J23="N/A",0,VLOOKUP($I23,ChkList!$A$47:$B$49,2,FALSE))*1 -> 3 | N23: =IFERROR(VLOOKUP($I23,ChkList!$A$47:$B$49,2,FALSE)*VLOOKUP($J23,ChkList!$A$52:$B$54,2,FALSE),0) -> 3
B24: U1-04 | C24: =ChkList!$B9 -> U-04 | D24: =ChkList!$C9 -> 패스워드 최대 사용 기간 설정 | I24: =ChkList!$D9 -> M | J24: =IF(IFERROR(FIND("[양호]",LEFT(K24,5)),0),"Y",IF(IFERROR(FIND("[취약]",LEFT(K24,5)),0),"N",IF(IFERROR(FIND("[N/A]",LEFT(K24,5)),0),"N/A","인터뷰"))) -> Y | K24: [양호] 패스워드 최대 사용기간이 적절하게 설정되어 있으므로 양호함 [현황] ------------- PASS_MAX_DAYS 설정 확인 ------------- PASS_MAX_DAYS 90 ------------- 각 계정별 설정 확인 ------------- 패스워드 최대 사용기간 90일을 초과하는 계정이 존재하지 않음 | L24: =IF(J24="N",ChkList!G9,"") | M24: =IF($J24="N/A",0,VLOOKUP($I24,ChkList!$A$47:$B$49,2,FALSE))*1 -> 2 | N24: =IFERROR(VLOOKUP($I24,ChkList!$A$47:$B$49,2,FALSE)*VLOOKUP($J24,ChkList!$A$52:$B$54,2,FALSE),0) -> 2
B25: U1-05 | C25: =ChkList!$B10 -> U-05 | D25: =ChkList!$C10 -> 패스워드 파일 보호 | I25: =ChkList!$D10 -> H | J25: =IF(IFERROR(FIND("[양호]",LEFT(K25,5)),0),"Y",IF(IFERROR(FIND("[취약]",LEFT(K25,5)),0),"N",IF(IFERROR(FIND("[N/A]",LEFT(K25,5)),0),"N/A","인터뷰"))) -> Y | K25: [양호] shadow 파일에 패스워드를 저장하고 있으므로 양호함 [현황] ------------- ls -alL /etc/shadow ------------- -r-------- 1 root root 969 Nov 16 18:19 /etc/shadow | L25: =IF(J25="N",ChkList!G10,"") | M25: =IF($J25="N/A",0,VLOOKUP($I25,ChkList!$A$47:$B$49,2,FALSE))*1 -> 3 | N25: =IFERROR(VLOOKUP($I25,ChkList!$A$47:$B$49,2,FALSE)*VLOOKUP($J25,ChkList!$A$52:$B$54,2,FALSE),0) -> 3
A26: =$A$13 -> U2 | C26: =VLOOKUP($A13,ChkList!$A$5:$B$44,2,FALSE) -> 파일 및 디렉토리 관리
B27: U2-01 | C27: =ChkList!$B12 -> U-06 | D27: =ChkList!$C12 -> root 홈, 패스 디렉터리 권한 및 패스 설정 | I27: =ChkList!$D12 -> H | J27: =IF(IFERROR(FIND("[양호]",LEFT(K27,5)),0),"Y",IF(IFERROR(FIND("[취약]",LEFT(K27,5)),0),"N",IF(IFERROR(FIND("[N/A]",LEFT(K27,5)),0),"N/A","인터뷰"))) -> Y | K27: [양호] PATH 설정에 '.' or '..'이 포함되어 있지 않으므로 양호함 [현황] ------------- PATH 환경변수 ------------- /usr/local/sbin:/usr/local/bin:/usr/sbin:/usr/bin:/root/bin | L27: =IF(J27="N",ChkList!G12,"") | M27: =IF($J27="N/A",0,VLOOKUP($I27,ChkList!$A$47:$B$49,2,FALSE))*1 -> 3 | N27: =IFERROR(VLOOKUP($I27,ChkList!$A$47:$B$49,2,FALSE)*VLOOKUP($J27,ChkList!$A$52:$B$54,2,FALSE),0) -> 3
B28: U2-02 | C28: =ChkList!$B13 -> U-07 | D28: =ChkList!$C13 -> 파일 및 디렉터리 소유자 설정 | I28: =ChkList!$D13 -> H | J28: =IF(IFERROR(FIND("[양호]",LEFT(K28,5)),0),"Y",IF(IFERROR(FIND("[취약]",LEFT(K28,5)),0),"N",IF(IFERROR(FIND("[N/A]",LEFT(K28,5)),0),"N/A","인터뷰"))) -> Y | K28: [양호] 소유자가 그룹이 존재하지 않는 파일 및 디렉터리가 존재하지 않으므로 양호힘 [현황] ------------- 소유자나 그룹이 존재하지 않는 파일 및 디렉터리 확인 ------------- 해당사항 없음 | L28: =IF(J28="N",ChkList!G13,"") | M28: =IF($J28="N/A",0,VLOOKUP($I28,ChkList!$A$47:$B$49,2,FALSE))*1 -> 3 | N28: =IFERROR(VLOOKUP($I28,ChkList!$A$47:$B$49,2,FALSE)*VLOOKUP($J28,ChkList!$A$52:$B$54,2,FALSE),0) -> 3
B29: U2-03 | C29: =ChkList!$B14 -> U-08 | D29: =ChkList!$C14 -> /etc/passwd 파일 소유자 및 권한 설정 | I29: =ChkList!$D14 -> H | J29: =IF(IFERROR(FIND("[양호]",LEFT(K29,5)),0),"Y",IF(IFERROR(FIND("[취약]",LEFT(K29,5)),0),"N",IF(IFERROR(FIND("[N/A]",LEFT(K29,5)),0),"N/A","인터뷰"))) -> Y | K29: [양호] /etc/passwd 파일의 퍼미션이 644이하이므로 양호함 [현황] ------------- /etc/passwd 파일 소유자 및 권한 확인 ------------- -rw-r--r-- 1 root root 1481 Nov 15 15:36 /etc/passwd | L29: =IF(J29="N",ChkList!G14,"") | M29: =IF($J29="N/A",0,VLOOKUP($I29,ChkList!$A$47:$B$49,2,FALSE))*1 -> 3 | N29: =IFERROR(VLOOKUP($I29,ChkList!$A$47:$B$49,2,FALSE)*VLOOKUP($J29,ChkList!$A$52:$B$54,2,FALSE),0) -> 3
B30: U2-04 | C30: =ChkList!$B15 -> U-09 | D30: =ChkList!$C15 -> /etc/shadow 파일 소유자 및 권한 설정 | I30: =ChkList!$D15 -> H | J30: =IF(IFERROR(FIND("[양호]",LEFT(K30,5)),0),"Y",IF(IFERROR(FIND("[취약]",LEFT(K30,5)),0),"N",IF(IFERROR(FIND("[N/A]",LEFT(K30,5)),0),"N/A","인터뷰"))) -> Y | K30: [양호] /etc/shadow 파일의 퍼미션이 400이하이므로 양호함 [현황] ------------- /etc/shadow 파일 소유자 및 권한 확인 ------------- -r-------- 1 root root 969 Nov 16 18:19 /etc/shadow | L30: =IF(J30="N",ChkList!G15,"") | M30: =IF($J30="N/A",0,VLOOKUP($I30,ChkList!$A$47:$B$49,2,FALSE))*1 -> 3 | N30: =IFERROR(VLOOKUP($I30,ChkList!$A$47:$B$49,2,FALSE)*VLOOKUP($J30,ChkList!$A$52:$B$54,2,FALSE),0) -> 3
B31: U2-05 | C31: =ChkList!$B16 -> U-10 | D31: =ChkList!$C16 -> /etc/hosts 파일 소유자 및 권한 설정 | I31: =ChkList!$D16 -> H | J31: =IF(IFERROR(FIND("[양호]",LEFT(K31,5)),0),"Y",IF(IFERROR(FIND("[취약]",LEFT(K31,5)),0),"N",IF(IFERROR(FIND("[N/A]",LEFT(K31,5)),0),"N/A","인터뷰"))) -> Y | K31: [양호] /etc/hosts 파일의 퍼미션이 644이하이므로 양호함 [현황] ------------- /etc/hosts 파일 소유자 및 권한 확인 ------------- -rw-r--r--. 1 root root 158 Sep 10 2018 /etc/hosts | L31: =IF(J31="N",ChkList!G16,"") | M31: =IF($J31="N/A",0,VLOOKUP($I31,ChkList!$A$47:$B$49,2,FALSE))*1 -> 3 | N31: =IFERROR(VLOOKUP($I31,ChkList!$A$47:$B$49,2,FALSE)*VLOOKUP($J31,ChkList!$A$52:$B$54,2,FALSE),0) -> 3
B32: U2-06 | C32: =ChkList!$B17 -> U-11 | D32: =ChkList!$C17 -> /etc/(x)inetd.conf 파일 소유자 및 권한 설정 | I32: =ChkList!$D17 -> H | J32: =IF(IFERROR(FIND("[양호]",LEFT(K32,5)),0),"Y",IF(IFERROR(FIND("[취약]",LEFT(K32,5)),0),"N",IF(IFERROR(FIND("[N/A]",LEFT(K32,5)),0),"N/A","인터뷰"))) -> Y | K32: [양호] /etc/(x)inetd.conf 파일이 존재하지 않으므로 양호처리 함 | L32: =IF(J32="N",ChkList!G17,"") | M32: =IF($J32="N/A",0,VLOOKUP($I32,ChkList!$A$47:$B$49,2,FALSE))*1 -> 3 | N32: =IFERROR(VLOOKUP($I32,ChkList!$A$47:$B$49,2,FALSE)*VLOOKUP($J32,ChkList!$A$52:$B$54,2,FALSE),0) -> 3
B33: U2-07 | C33: =ChkList!$B18 -> U-12 | D33: =ChkList!$C18 -> /etc/syslog.conf 파일 소유자 및 권한 설정 | I33: =ChkList!$D18 -> H | J33: =IF(IFERROR(FIND("[양호]",LEFT(K33,5)),0),"Y",IF(IFERROR(FIND("[취약]",LEFT(K33,5)),0),"N",IF(IFERROR(FIND("[N/A]",LEFT(K33,5)),0),"N/A","인터뷰"))) -> Y | K33: [양호] /etc/rsyslog.conf 파일의 퍼미션이 644이하이므로 양호 [현황] ------------- /etc/rsyslog.conf 파일 소유자 및 권한 설정 ------------- -rw-r--r--. 1 root root 3186 Jan 12 2023 /etc/rsyslog.conf | L33: =IF(J33="N",ChkList!G18,"") | M33: =IF($J33="N/A",0,VLOOKUP($I33,ChkList!$A$47:$B$49,2,FALSE))*1 -> 3 | N33: =IFERROR(VLOOKUP($I33,ChkList!$A$47:$B$49,2,FALSE)*VLOOKUP($J33,ChkList!$A$52:$B$54,2,FALSE),0) -> 3
B34: U2-08 | C34: =ChkList!$B19 -> U-13 | D34: =ChkList!$C19 -> /etc/services 파일 소유자 및 권한 설정 | I34: =ChkList!$D19 -> H | J34: =IF(IFERROR(FIND("[양호]",LEFT(K34,5)),0),"Y",IF(IFERROR(FIND("[취약]",LEFT(K34,5)),0),"N",IF(IFERROR(FIND("[N/A]",LEFT(K34,5)),0),"N/A","인터뷰"))) -> Y | K34: [양호] /etc/services 파일의 퍼미션이 644이하이므로 양호함 [현황] ------------- /etc/services 파일 소유자 및 권한 확인 ------------- -rw-r--r--. 1 root root 692252 Nov 30 2022 /etc/services | L34: =IF(J34="N",ChkList!G19,"") | M34: =IF($J34="N/A",0,VLOOKUP($I34,ChkList!$A$47:$B$49,2,FALSE))*1 -> 3 | N34: =IFERROR(VLOOKUP($I34,ChkList!$A$47:$B$49,2,FALSE)*VLOOKUP($J34,ChkList!$A$52:$B$54,2,FALSE),0) -> 3
B35: U2-09 | C35: =ChkList!$B20 -> U-14 | D35: =ChkList!$C20 -> SUID, SGID, Sticky bit 설정 파일 점검 | I35: =ChkList!$D20 -> H | J35: =IF(IFERROR(FIND("[양호]",LEFT(K35,5)),0),"Y",IF(IFERROR(FIND("[취약]",LEFT(K35,5)),0),"N",IF(IFERROR(FIND("[N/A]",LEFT(K35,5)),0),"N/A","인터뷰"))) -> Y | K35: [양호] 주요 파일의 권한에 SUID/SGID에 대한 설정이 부여되어 있지 않으므로 양호힘 [현황] ------------- 주요 파일의 SUID/SGID 설정 확인 ------------- SUID/SGID가 설정된 주요파일이 존재하지 않음 | L35: =IF(J35="N",ChkList!G20,"") | M35: =IF($J35="N/A",0,VLOOKUP($I35,ChkList!$A$47:$B$49,2,FALSE))*1 -> 3 | N35: =IFERROR(VLOOKUP($I35,ChkList!$A$47:$B$49,2,FALSE)*VLOOKUP($J35,ChkList!$A$52:$B$54,2,FALSE),0) -> 3
B36: U2-10 | C36: =ChkList!$B21 -> U-15 | D36: =ChkList!$C21 -> 사용자, 시스템 시작파일 및 환경파일 소유자 및 권한 설정 | I36: =ChkList!$D21 -> H | J36: =IF(IFERROR(FIND("[양호]",LEFT(K36,5)),0),"Y",IF(IFERROR(FIND("[취약]",LEFT(K36,5)),0),"N",IF(IFERROR(FIND("[N/A]",LEFT(K36,5)),0),"N/A","인터뷰"))) -> Y | K36: [양호] 사용자 환경변수 파일의 권한이 644이하이므로 양호함 [현황] ------------- 나. 사용자 환경변수 파일의 권한 확인 ------------- -rw------- 1 root root 126 Nov 17 09:48 /.bash_history -rw------- 1 root root 126 Nov 17 09:48 //.bash_history -rw-r--r-- 1 idt_parkyk idt_parkyk 141 Aug 2 2022 /home1/idt_parkyk/.bash_profile -rw-r--r-- 1 idt_parkyk idt_parkyk 376 Aug 2 2022 /home1/idt_parkyk/.bashrc -rw------- 1 idt_parkyk idt_parkyk 0 Nov 15 17:20 /home1/idt_parkyk/.bash_history -rw-r--r-- 1 nbpmon nbpmon 141 Aug 2 2022 /home1/nbpmon/.bash_profile -rw-r--r-- 1 nbpmon nbpmon 376 Aug 2 2022 /home1/nbpmon/.bashrc -rw-r--r-- 1 ncloud ncloud 250 Jul 25 16:49 /home1/ncloud/.bash_profile -rw-r--r-- 1 ncloud ncloud 376 Aug 2 2022 /home1/ncloud/.bashrc -rw------- 1 ncloud ncloud 0 Nov 17 10:31 /home1/ncloud/.bash_history -rw-r--r--. 1 root root 100 Mar 15 2021 /root/.cshrc -rw-r--r--. 1 root root 176 Mar 15 2021 /root/.bash_profile -rw-r--r--. 1 root root 176 Mar 15 2021 /root/.bashrc -rw------- 1 root root 0 Nov 17 11:04 /root/.bash_history | L36: =IF(J36="N",ChkList!G21,"") | M36: =IF($J36="N/A",0,VLOOKUP($I36,ChkList!$A$47:$B$49,2,FALSE))*1 -> 3 | N36: =IFERROR(VLOOKUP($I36,ChkList!$A$47:$B$49,2,FALSE)*VLOOKUP($J36,ChkList!$A$52:$B$54,2,FALSE),0) -> 3
B37: U2-11 | C37: =ChkList!$B22 -> U-16 | D37: =ChkList!$C22 -> world writable 파일 점검 | I37: =ChkList!$D22 -> H | J37: =IF(IFERROR(FIND("[양호]",LEFT(K37,5)),0),"Y",IF(IFERROR(FIND("[취약]",LEFT(K37,5)),0),"N",IF(IFERROR(FIND("[N/A]",LEFT(K37,5)),0),"N/A","인터뷰"))) -> Y | K37: [양호] world writable 파일이 존재하지 않으므로 양호힘 [현황] ------------- world writable 파일목록 ------------- | L37: =IF(J37="N",ChkList!G22,"") | M37: =IF($J37="N/A",0,VLOOKUP($I37,ChkList!$A$47:$B$49,2,FALSE))*1 -> 3 | N37: =IFERROR(VLOOKUP($I37,ChkList!$A$47:$B$49,2,FALSE)*VLOOKUP($J37,ChkList!$A$52:$B$54,2,FALSE),0) -> 3
B38: U2-13 | C38: =ChkList!$B23 -> U-17 | D38: =ChkList!$C23 -> $HOME/.rhosts, hosts.equiv 사용 금지 | I38: =ChkList!$D23 -> H | J38: =IF(IFERROR(FIND("[양호]",LEFT(K38,5)),0),"Y",IF(IFERROR(FIND("[취약]",LEFT(K38,5)),0),"N",IF(IFERROR(FIND("[N/A]",LEFT(K38,5)),0),"N/A","인터뷰"))) -> Y | K38: [양호] R 서비스가 동작중이 아니므로 양호함 [현황] ------------- # 동작중인 R 서비스 ------------- 동작중인 R 서비스가 존재하지 않음 | L38: =IF(J38="N",ChkList!G23,"") | M38: =IF($J38="N/A",0,VLOOKUP($I38,ChkList!$A$47:$B$49,2,FALSE))*1 -> 3 | N38: =IFERROR(VLOOKUP($I38,ChkList!$A$47:$B$49,2,FALSE)*VLOOKUP($J38,ChkList!$A$52:$B$54,2,FALSE),0) -> 3
... B40: U2-15 | C40: =ChkList!$B25 -> U-19 | D40: =ChkList!$C25 -> cron 파일 소유자 및 권한 설정 | I40: =ChkList!$D25 -> H | J40: =IF(IFERROR(FIND("[양호]",LEFT(K40,5)),0),"Y",IF(IFERROR(FIND("[취약]",LEFT(K40,5)),0),"N",IF(IFERROR(FIND("[N/A]",LEFT(K40,5)),0),"N/A","인터뷰"))) -> Y | K40: [양호] cron 파일의 소유자가 root이고 접근권한이 640이하이므로 양호함 [현황] ------------- /etc/cron.allow 파일 ------------- /etc/cron.allow 파일이 존재하지 않음 ------------- /etc/cron.deny 파일 ------------- -rw-r-----. 1 root root 0 Oct 1 2022 /etc/cron.deny | L40: =IF(J40="N",ChkList!G25,"") | M40: =IF($J40="N/A",0,VLOOKUP($I40,ChkList!$A$47:$B$49,2,FALSE))*1 -> 3 | N40: =IFERROR(VLOOKUP($I40,ChkList!$A$47:$B$49,2,FALSE)*VLOOKUP($J40,ChkList!$A$52:$B$54,2,FALSE),0) -> 3
A41: =$A$14 -> U3 | C41: =VLOOKUP($A14,ChkList!$A$5:$B$44,2,FALSE) -> 서비스 관리
B42: U3-01 | C42: =ChkList!$B27 -> U-20 | D42: =ChkList!$C27 -> Finger 서비스 비활성화 | I42: =ChkList!$D27 -> H | J42: =IF(IFERROR(FIND("[양호]",LEFT(K42,5)),0),"Y",IF(IFERROR(FIND("[취약]",LEFT(K42,5)),0),"N",IF(IFERROR(FIND("[N/A]",LEFT(K42,5)),0),"N/A","인터뷰"))) -> Y | K42: [양호] 현재 finger 서비스가 동작하지 않으므로 양호함 | L42: =IF(J42="N",ChkList!G27,"") | M42: =IF($J42="N/A",0,VLOOKUP($I42,ChkList!$A$47:$B$49,2,FALSE))*1 -> 3 | N42: =IFERROR(VLOOKUP($I42,ChkList!$A$47:$B$49,2,FALSE)*VLOOKUP($J42,ChkList!$A$52:$B$54,2,FALSE),0) -> 3
B43: U3-02 | C43: =ChkList!$B28 -> U-21 | D43: =ChkList!$C28 -> Anonymous FTP 비활성화 | I43: =ChkList!$D28 -> H | J43: =IF(IFERROR(FIND("[양호]",LEFT(K43,5)),0),"Y",IF(IFERROR(FIND("[취약]",LEFT(K43,5)),0),"N",IF(IFERROR(FIND("[N/A]",LEFT(K43,5)),0),"N/A","인터뷰"))) -> Y | K43: [양호] FTP 서비스가 동작중이 아니므로 양호함 | L43: =IF(J43="N",ChkList!G28,"") | M43: =IF($J43="N/A",0,VLOOKUP($I43,ChkList!$A$47:$B$49,2,FALSE))*1 -> 3 | N43: =IFERROR(VLOOKUP($I43,ChkList!$A$47:$B$49,2,FALSE)*VLOOKUP($J43,ChkList!$A$52:$B$54,2,FALSE),0) -> 3
B44: U3-03 | C44: =ChkList!$B29 -> U-22 | D44: =ChkList!$C29 -> r 계열 서비스 비활성화 | I44: =ChkList!$D29 -> H | J44: =IF(IFERROR(FIND("[양호]",LEFT(K44,5)),0),"Y",IF(IFERROR(FIND("[취약]",LEFT(K44,5)),0),"N",IF(IFERROR(FIND("[N/A]",LEFT(K44,5)),0),"N/A","인터뷰"))) -> Y | K44: [양호] 현재 rsh, rlogin, rexec 서비스가 동작하지 않으므로 양호함 | L44: =IF(J44="N",ChkList!G29,"") | M44: =IF($J44="N/A",0,VLOOKUP($I44,ChkList!$A$47:$B$49,2,FALSE))*1 -> 3 | N44: =IFERROR(VLOOKUP($I44,ChkList!$A$47:$B$49,2,FALSE)*VLOOKUP($J44,ChkList!$A$52:$B$54,2,FALSE),0) -> 3
B45: U3-05 | C45: =ChkList!$B30 -> U-23 | D45: =ChkList!$C30 -> DoS 공격에 취약한 서비스 비활성화 | I45: =ChkList!$D30 -> H | J45: =IF(IFERROR(FIND("[양호]",LEFT(K45,5)),0),"Y",IF(IFERROR(FIND("[취약]",LEFT(K45,5)),0),"N",IF(IFERROR(FIND("[N/A]",LEFT(K45,5)),0),"N/A","인터뷰"))) -> Y | K45: [양호] echo, discard, daytime, chargen 서비스가 동작하지 않으므로 양호함 | L45: =IF(J45="N",ChkList!G30,"") | M45: =IF($J45="N/A",0,VLOOKUP($I45,ChkList!$A$47:$B$49,2,FALSE))*1 -> 3 | N45: =IFERROR(VLOOKUP($I45,ChkList!$A$47:$B$49,2,FALSE)*VLOOKUP($J45,ChkList!$A$52:$B$54,2,FALSE),0) -> 3
B46: U3-06 | C46: =ChkList!$B31 -> U-24 | D46: =ChkList!$C31 -> NFS 서비스 비활성화 | I46: =ChkList!$D31 -> H | J46: =IF(IFERROR(FIND("[양호]",LEFT(K46,5)),0),"Y",IF(IFERROR(FIND("[취약]",LEFT(K46,5)),0),"N",IF(IFERROR(FIND("[N/A]",LEFT(K46,5)),0),"N/A","인터뷰"))) -> Y | K46: [양호] 현재 NFS 서비스가 동작하지 않으므로 양호험 | L46: =IF(J46="N",ChkList!G31,"") | M46: =IF($J46="N/A",0,VLOOKUP($I46,ChkList!$A$47:$B$49,2,FALSE))*1 -> 3 | N46: =IFERROR(VLOOKUP($I46,ChkList!$A$47:$B$49,2,FALSE)*VLOOKUP($J46,ChkList!$A$52:$B$54,2,FALSE),0) -> 3
B47: U3-07 | C47: =ChkList!$B32 -> U-25 | D47: =ChkList!$C32 -> NFS 접근통제 | I47: =ChkList!$D32 -> H | J47: =IF(IFERROR(FIND("[양호]",LEFT(K47,5)),0),"Y",IF(IFERROR(FIND("[취약]",LEFT(K47,5)),0),"N",IF(IFERROR(FIND("[N/A]",LEFT(K47,5)),0),"N/A","인터뷰"))) -> Y | K47: [양호] NFS 서비스가 비활성화되어 있으므로 양호처리 함 | L47: =IF(J47="N",ChkList!G32,"") | M47: =IF($J47="N/A",0,VLOOKUP($I47,ChkList!$A$47:$B$49,2,FALSE))*1 -> 3 | N47: =IFERROR(VLOOKUP($I47,ChkList!$A$47:$B$49,2,FALSE)*VLOOKUP($J47,ChkList!$A$52:$B$54,2,FALSE),0) -> 3
B48: U3-08 | C48: =ChkList!$B33 -> U-26 | D48: =ChkList!$C33 -> automountd 제거 | I48: =ChkList!$D33 -> H | J48: =IF(IFERROR(FIND("[양호]",LEFT(K48,5)),0),"Y",IF(IFERROR(FIND("[취약]",LEFT(K48,5)),0),"N",IF(IFERROR(FIND("[N/A]",LEFT(K48,5)),0),"N/A","인터뷰"))) -> Y | K48: [양호] automount 데몬이 동작중이지 않으므로 양호함 | L48: =IF(J48="N",ChkList!G33,"") | M48: =IF($J48="N/A",0,VLOOKUP($I48,ChkList!$A$47:$B$49,2,FALSE))*1 -> 3 | N48: =IFERROR(VLOOKUP($I48,ChkList!$A$47:$B$49,2,FALSE)*VLOOKUP($J48,ChkList!$A$52:$B$54,2,FALSE),0) -> 3
B49: U3-09 | C49: =ChkList!$B34 -> U-27 | D49: =ChkList!$C34 -> RPC 서비스 확인 | I49: =ChkList!$D34 -> H | J49: =IF(IFERROR(FIND("[양호]",LEFT(K49,5)),0),"Y",IF(IFERROR(FIND("[취약]",LEFT(K49,5)),0),"N",IF(IFERROR(FIND("[N/A]",LEFT(K49,5)),0),"N/A","인터뷰"))) -> Y | K49: [양호] 현재 RPC 서비스가 동작하지 않으므로 양호함 | L49: =IF(J49="N",ChkList!G34,"") | M49: =IF($J49="N/A",0,VLOOKUP($I49,ChkList!$A$47:$B$49,2,FALSE))*1 -> 3 | N49: =IFERROR(VLOOKUP($I49,ChkList!$A$47:$B$49,2,FALSE)*VLOOKUP($J49,ChkList!$A$52:$B$54,2,FALSE),0) -> 3
B50: U3-10 | C50: =ChkList!$B35 -> U-28 | D50: =ChkList!$C35 -> NIS, NIS+ 점검 | I50: =ChkList!$D35 -> H | J50: =IF(IFERROR(FIND("[양호]",LEFT(K50,5)),0),"Y",IF(IFERROR(FIND("[취약]",LEFT(K50,5)),0),"N",IF(IFERROR(FIND("[N/A]",LEFT(K50,5)),0),"N/A","인터뷰"))) -> Y | K50: [양호] NIS , NIS+ 서비스가 동작중이지 않으므로 양호함 | L50: =IF(J50="N",ChkList!G35,"") | M50: =IF($J50="N/A",0,VLOOKUP($I50,ChkList!$A$47:$B$49,2,FALSE))*1 -> 3 | N50: =IFERROR(VLOOKUP($I50,ChkList!$A$47:$B$49,2,FALSE)*VLOOKUP($J50,ChkList!$A$52:$B$54,2,FALSE),0) -> 3
B51: U3-11 | C51: =ChkList!$B36 -> U-29 | D51: =ChkList!$C36 -> tftp, talk 서비스 비활성화 | I51: =ChkList!$D36 -> H | J51: =IF(IFERROR(FIND("[양호]",LEFT(K51,5)),0),"Y",IF(IFERROR(FIND("[취약]",LEFT(K51,5)),0),"N",IF(IFERROR(FIND("[N/A]",LEFT(K51,5)),0),"N/A","인터뷰"))) -> Y | K51: [양호] tftp, talk 서비스가 동작하지 않으므로 양호함 | L51: =IF(J51="N",ChkList!G36,"") | M51: =IF($J51="N/A",0,VLOOKUP($I51,ChkList!$A$47:$B$49,2,FALSE))*1 -> 3 | N51: =IFERROR(VLOOKUP($I51,ChkList!$A$47:$B$49,2,FALSE)*VLOOKUP($J51,ChkList!$A$52:$B$54,2,FALSE),0) -> 3
B52: U3-12 | C52: =ChkList!$B37 -> U-30 | D52: =ChkList!$C37 -> Sendmail 버전 점검 | I52: =ChkList!$D37 -> H | J52: =IF(IFERROR(FIND("[양호]",LEFT(K52,5)),0),"Y",IF(IFERROR(FIND("[취약]",LEFT(K52,5)),0),"N",IF(IFERROR(FIND("[N/A]",LEFT(K52,5)),0),"N/A","인터뷰"))) -> Y | K52: [양호] Sendmail 서비스가 동작중이지 않으므로 양호함 | L52: =IF(J52="N",ChkList!G37,"") | M52: =IF($J52="N/A",0,VLOOKUP($I52,ChkList!$A$47:$B$49,2,FALSE))*1 -> 3 | N52: =IFERROR(VLOOKUP($I52,ChkList!$A$47:$B$49,2,FALSE)*VLOOKUP($J52,ChkList!$A$52:$B$54,2,FALSE),0) -> 3
B53: U3-13 | C53: =ChkList!$B38 -> U-31 | D53: =ChkList!$C38 -> 스팸 메일 릴레이 제한 | I53: =ChkList!$D38 -> H | J53: =IF(IFERROR(FIND("[양호]",LEFT(K53,5)),0),"Y",IF(IFERROR(FIND("[취약]",LEFT(K53,5)),0),"N",IF(IFERROR(FIND("[N/A]",LEFT(K53,5)),0),"N/A","인터뷰"))) -> Y | K53: [양호] Sendmail 서비스가 동작중이지 않으므로 양호함 | L53: =IF(J53="N",ChkList!G38,"") | M53: =IF($J53="N/A",0,VLOOKUP($I53,ChkList!$A$47:$B$49,2,FALSE))*1 -> 3 | N53: =IFERROR(VLOOKUP($I53,ChkList!$A$47:$B$49,2,FALSE)*VLOOKUP($J53,ChkList!$A$52:$B$54,2,FALSE),0) -> 3
... B56: U3-16 | C56: =ChkList!$B41 -> U-34 | D56: =ChkList!$C41 -> DNS ZoneTransfer 설정 | I56: =ChkList!$D41 -> H | J56: =IF(IFERROR(FIND("[양호]",LEFT(K56,5)),0),"Y",IF(IFERROR(FIND("[취약]",LEFT(K56,5)),0),"N",IF(IFERROR(FIND("[N/A]",LEFT(K56,5)),0),"N/A","인터뷰"))) -> Y | K56: [양호] DNS 서비스를 사용하지 않으므로 양호함 | L56: =IF(J56="N",ChkList!G41,"") | M56: =IF($J56="N/A",0,VLOOKUP($I56,ChkList!$A$47:$B$49,2,FALSE))*1 -> 3 | N56: =IFERROR(VLOOKUP($I56,ChkList!$A$47:$B$49,2,FALSE)*VLOOKUP($J56,ChkList!$A$52:$B$54,2,FALSE),0) -> 3
A57: =$A$15 -> U4 | C57: =VLOOKUP($A15,ChkList!$A$5:$B$44,2,FALSE) -> 패치 및 로그관리
B58: U4-01 | C58: =ChkList!$B43 -> U-35 | D58: =ChkList!$C43 -> 최신 보안패치 및 벤더 권고사항 적용 | I58: =ChkList!$D43 -> H | J58: =IF(IFERROR(FIND("[양호]",LEFT(K58,5)),0),"Y",IF(IFERROR(FIND("[취약]",LEFT(K58,5)),0),"N",IF(IFERROR(FIND("[N/A]",LEFT(K58,5)),0),"N/A","인터뷰"))) -> N | K58: [취약] 최신 보안 패치가 적용되지 않았으므로 취약함 [현황] ------------- Linux Version ------------- Rocky Linux release 8.8 (Green Obsidian) NAME="Rocky Linux" VERSION="8.8 (Green Obsidian)" ID="rocky" ID_LIKE="rhel centos fedora" VERSION_ID="8.8" PLATFORM_ID="platform:el8" PRETTY_NAME="Rocky Linux 8.8 (Green Obsidian)" ANSI_COLOR="0;32" LOGO="fedora-logo-icon" CPE_NAME="cpe:/o:rocky:rocky:8:GA" HOME_URL="https://rockylinux.org/" BUG_REPORT_URL="https://bugs.rockylinux.org/" SUPPORT_END="2029-05-31" ROCKY_SUPPORT_PRODUCT="Rocky-Linux-8" ROCKY_SUPPORT_PRODUCT_VERSION="8.8" REDHAT_SUPPORT_PRODUCT="Rocky Linux" REDHAT_SUPPORT_PRODUCT_VERSION="8.8" Rocky Linux release 8.8 (Green Obsidian) Rocky Linux release 8.8 (Green Obsidian) Rocky Linux release 8.8 (Green Obsidian) ------------- Kernel Version ------------- 4.18.0-477.15.1.el8_8.x86_64 *4.18.0-477.27.1 이상 버전 권고(CVE-2023-3090, CVE-2023-3776, CVE-2023-4004) | L58: =IF(J58="N",ChkList!G43,"") -> ※ 설정 기준 권고 (또는 정책기준) 1. 보안 취약점이 발표되면 시스템 영향도를 평가하고, 긴급 대응책 및 중장기 대응책을 마련하여 계획과 허가에 의해 대응하는 것이 좋다. 2. 패치를 수행할 시 시스템의 영향도에 따라 패치를 차등 수행하도록 한다. 3. 시스템 운영에 영향을 주지 않는 범위 내에서 주기적으로 패치를 수행할 것을 권고함 | M58: =IF($J58="N/A",0,VLOOKUP($I58,ChkList!$A$47:$B$49,2,FALSE))*1 -> 3 | N58: =IFERROR(VLOOKUP($I58,ChkList!$A$47:$B$49,2,FALSE)*VLOOKUP($J58,ChkList!$A$52:$B$54,2,FALSE),0) -> 0
B59: U4-02 | C59: =ChkList!$B44 -> U-36 | D59: =ChkList!$C44 -> 로그의 정기적 검토 및 보고 | I59: =ChkList!$D44 -> H | J59: =IF(IFERROR(FIND("[양호]",LEFT(K59,5)),0),"Y",IF(IFERROR(FIND("[취약]",LEFT(K59,5)),0),"N",IF(IFERROR(FIND("[N/A]",LEFT(K59,5)),0),"N/A","인터뷰"))) -> N | K59: [취약] 로그를 정기적으로 검토 및 보고를 하고 있지 않으므로 취약함 [현황] 현재 로그 검토 및 보고 매커니즘이 설정되어 있지 않음 | L59: =IF(J59="N",ChkList!G44,"") -> ※ 로그파일에는 해킹의 흔적들이 남겨져 있을 수 있으므로, 다음과 같이 로그 파일의 백업에 대한 검토를 해야 함. 1. su 시도에 관한 로그 2. 반복적인 로그인 실패에 관한 로그 3. 로그인 거부 메세지에 관한 로그 4. 기본적 log 파일의 위치는 /var/adm, /var/log ※ 커널과 시스템에 관련된 로그 메시지들은 syslogd와 klogd 두개의 데몬에 의해서 /var/log/messages에 기록하게 됨. 이 파일을 분석함으로써 시스템을 항상 점검 관리해야 함. | M59: =IF($J59="N/A",0,VLOOKUP($I59,ChkList!$A$47:$B$49,2,FALSE))*1 -> 3 | N59: =IFERROR(VLOOKUP($I59,ChkList!$A$47:$B$49,2,FALSE)*VLOOKUP($J59,ChkList!$A$52:$B$54,2,FALSE),0) -> 0

Sheet U_002
A1: 장비별 상세 점검결과
A3: 1) 시스템 현황
A4: No | E4: =RIGHT(CELL("filename",E4),LEN(CELL("filename",E4))-FIND("]",CELL("filename",E4))) -> U_002 | G4: 호스트명 | I4: =IFERROR(VLOOKUP($E$4,자산목록!$A$1:$I$844,2,FALSE),"N/A") -> igt-gov-bastion
A5: SW 버전 | E5: =IFERROR(VLOOKUP($E$4,자산목록!$A$1:$I$851,4,FALSE),"N/A") & " " & IFERROR(VLOOKUP($E$4,자산목록!$A$1:$I$851,5,FALSE),"N/A") -> Rocky Linux 8.6 | G5: IP | I5: =IFERROR(VLOOKUP($E$4,자산목록!$A$1:$I$844,3,FALSE),"N/A") -> 10.0.2.10
A6: 변경 SW 버전 | E6: =IFERROR(VLOOKUP($E$4,자산목록!$A$1:$I$844,6,FALSE),"N/A") -> - | G6: 담당자 | I6: =IFERROR(VLOOKUP($E$4,자산목록!$A$1:$I$844,9,FALSE),"N/A") -> 박영규
A8: 2) 점검 결과
A9: ① 부분별 점검 결과
A10: 분류 | E10: 항목 통계 | H10: 점검 점수
E11: 전체 | F11: 점검 | G11: 양호 | H11: 전체 | I11: 평가 | J11: 수준
A12: U1 | C12: =VLOOKUP($A12,ChkList!$A$5:$B$44,2,FALSE) -> 계정 관리 | E12: =COUNTIF($B$21:INDIRECT(ADDRESS(MATCH("",$B:$B,-1),2,1,1)),$A12&"*") -> 5 | F12: =$E12-COUNTIFS($B$21:INDIRECT(ADDRESS(MATCH("",$B:$B,-1),2,1,1)),$A12&"*",$J$21:INDIRECT(ADDRESS(MATCH("",$B:$B,-1),10,1,1)),"N/A") -> 5 | G12: =COUNTIFS($B$21:INDIRECT(ADDRESS(MATCH("",$B:$B,-1),2,1,1)),$A12&"*",$J$21:INDIRECT(ADDRESS(MATCH("",$B:$B,-1),10,1,1)),"Y") -> 4 | H12: =SUMIF($B$21:INDIRECT(ADDRESS(MATCH("",$B:$B,-1),2,1,1)),$A12&"*",$M$21:INDIRECT(ADDRESS(MATCH("",$B:$B,-1),13,1,1))) -> 14 | I12: =SUMIF($B$21:INDIRECT(ADDRESS(MATCH("",$B:$B,-1),2,1,1)),$A12&"*",$N$21:INDIRECT(ADDRESS(MATCH("",$B:$B,-1),14,1,1))) -> 11 | J12: =IF(F12=0, "N/A", (I12/H12)) -> 0.78571429
A13: U2 | C13: =VLOOKUP($A13,ChkList!$A$5:$B$44,2,FALSE) -> 파일 및 디렉토리 관리 | E13: =COUNTIF($B$21:INDIRECT(ADDRESS(MATCH("",$B:$B,-1),2,1,1)),$A13&"*") -> 14 | F13: =$E13-COUNTIFS($B$21:INDIRECT(ADDRESS(MATCH("",$B:$B,-1),2,1,1)),$A13&"*",$J$21:INDIRECT(ADDRESS(MATCH("",$B:$B,-1),10,1,1)),"N/A") -> 14 | G13: =COUNTIFS($B$21:INDIRECT(ADDRESS(MATCH("",$B:$B,-1),2,1,1)),$A13&"*",$J$21:INDIRECT(ADDRESS(MATCH("",$B:$B,-1),10,1,1)),"Y") -> 13 | H13: =SUMIF($B$21:INDIRECT(ADDRESS(MATCH("",$B:$B,-1),2,1,1)),$A13&"*",$M$21:INDIRECT(ADDRESS(MATCH("",$B:$B,-1),13,1,1))) -> 42 | I13: =SUMIF($B$21:INDIRECT(ADDRESS(MATCH("",$B:$B,-1),2,1,1)),$A13&"*",$N$21:INDIRECT(ADDRESS(MATCH("",$B:$B,-1),14,1,1))) -> 39 | J13: =IF(F13=0, "N/A", (I13/H13)) -> 0.92857143
A14: U3 | C14: =VLOOKUP($A14,ChkList!$A$5:$B$44,2,FALSE) -> 서비스 관리 | E14: =COUNTIF($B$21:INDIRECT(ADDRESS(MATCH("",$B:$B,-1),2,1,1)),$A14&"*") -> 15 | F14: =$E14-COUNTIFS($B$21:INDIRECT(ADDRESS(MATCH("",$B:$B,-1),2,1,1)),$A14&"*",$J$21:INDIRECT(ADDRESS(MATCH("",$B:$B,-1),10,1,1)),"N/A") -> 15 | G14: =COUNTIFS($B$21:INDIRECT(ADDRESS(MATCH("",$B:$B,-1),2,1,1)),$A14&"*",$J$21:INDIRECT(ADDRESS(MATCH("",$B:$B,-1),10,1,1)),"Y") -> 15 | H14: =SUMIF($B$21:INDIRECT(ADDRESS(MATCH("",$B:$B,-1),2,1,1)),$A14&"*",$M$21:INDIRECT(ADDRESS(MATCH("",$B:$B,-1),13,1,1))) -> 45 | I14: =SUMIF($B$21:INDIRECT(ADDRESS(MATCH("",$B:$B,-1),2,1,1)),$A14&"*",$N$21:INDIRECT(ADDRESS(MATCH("",$B:$B,-1),14,1,1))) -> 45 | J14: =IF(F14=0, "N/A", (I14/H14)) -> 1
A15: U4 | C15: =VLOOKUP($A15,ChkList!$A$5:$B$44,2,FALSE) -> 패치 및 로그관리 | E15: =COUNTIF($B$21:INDIRECT(ADDRESS(MATCH("",$B:$B,-1),2,1,1)),$A15&"*") -> 2 | F15: =$E15-COUNTIFS($B$21:INDIRECT(ADDRESS(MATCH("",$B:$B,-1),2,1,1)),$A15&"*",$J$21:INDIRECT(ADDRESS(MATCH("",$B:$B,-1),10,1,1)),"N/A") -> 2 | G15: =COUNTIFS($B$21:INDIRECT(ADDRESS(MATCH("",$B:$B,-1),2,1,1)),$A15&"*",$J$21:INDIRECT(ADDRESS(MATCH("",$B:$B,-1),10,1,1)),"Y") -> 0 | H15: =SUMIF($B$21:INDIRECT(ADDRESS(MATCH("",$B:$B,-1),2,1,1)),$A15&"*",$M$21:INDIRECT(ADDRESS(MATCH("",$B:$B,-1),13,1,1))) -> 6 | I15: =SUMIF($B$21:INDIRECT(ADDRESS(MATCH("",$B:$B,-1),2,1,1)),$A15&"*",$N$21:INDIRECT(ADDRESS(MATCH("",$B:$B,-1),14,1,1))) -> 0 | J15: =IF(F15=0, "N/A", (I15/H15)) -> 0
A16: 전체 보안 수준 | E16: =SUM(E12:E15) -> 36 | F16: =SUM(F12:F15) -> 36 | G16: =SUM(G12:G15) -> 32 | H16: =SUM(H12:H15) -> 107 | I16: =SUM(I12:I15) -> 95 | J16: =IF(H16=0,"N/A",I16/H16) -> 0.88785047
A18: ② 상세 점검 현황 | L18: (양호: Y, 취약: N, 해당사항없음: N/A) | M18: HIDDEN 필드입니다
A19: 분류 | D19: 점검 항목 | I19: 중요도 | J19: 점검결과 | K19: 현황 | L19: 개선방안 | M19: 전체점수 | N19: 평가점수
A20: =$A$12 -> U1 | C20: =VLOOKUP($A12,ChkList!$A$5:$B$44,2,FALSE) -> 계정 관리
B21: U1-01 | C21: =ChkList!$B6 -> U-01 | D21: =ChkList!$C6 -> root 계정 원격 접속 제한 | I21: =ChkList!$D6 -> H | J21: =IF(IFERROR(FIND("[양호]",LEFT(K21,5)),0),"Y",IF(IFERROR(FIND("[취약]",LEFT(K21,5)),0),"N",IF(IFERROR(FIND("[N/A]",LEFT(K21,5)),0),"N/A","인터뷰"))) -> Y | K21: [양호] root 계정의 원격 접속 제한설정이 적용되어 있으므로 양호함 [현황] ------------- cat /etc/ssh/sshd_config | grep PermitRootLogin ------------- PermitRootLogin no # the setting of "PermitRootLogin without-password". | L21: =IF(J21="N",ChkList!G6,"") | M21: =IF($J21="N/A",0,VLOOKUP($I21,ChkList!$A$47:$B$49,2,FALSE))*1 -> 3 | N21: =IFERROR(VLOOKUP($I21,ChkList!$A$47:$B$49,2,FALSE)*VLOOKUP($J21,ChkList!$A$52:$B$54,2,FALSE),0) -> 3
B22: U1-02 | C22: =ChkList!$B7 -> U-02 | D22: =ChkList!$C7 -> 패스워드 복잡성 설정 | I22: =ChkList!$D7 -> H | J22: =IF(IFERROR(FIND("[양호]",LEFT(K22,5)),0),"Y",IF(IFERROR(FIND("[취약]",LEFT(K22,5)),0),"N",IF(IFERROR(FIND("[N/A]",LEFT(K22,5)),0),"N/A","인터뷰"))) -> N | K22: [취약] 패스워드 복잡성 설정 및 enforce_for_root 설정이 되어있지 않으므로 취약함 [현황] ------------- cat /etc/security/pwquality.conf ------------- minlen = 8 dcredit = 1 ucredit = 1 lcredit = 1 ocredit = 1 maxrepeat = 3 maxclassrepeat = 3 usercheck = 1 | L22: =IF(J22="N",ChkList!G7,"") -> [CentOS 7이상] # vi /etc/pam.d/system-auth password requisite pam_pwquality.so try_first_pass enforce_for_root retry=5 type= minlen=9 lcredit=-1 ucredit=-1 dcredit=-1 ocredit=-1 [CentOS 6이하] # vi /etc/pam.d/system-auth password requisite pam_cracklib.so try_first_pass enforce_for_root retry=5 type= minlen=9 lcredit=-1 ucredit=-1 dcredit=-1 ocredit=-1 [Ubuntu, Debian] 1. libpam-pwquality 설치 # apt -y install libpam-pwquality 2. vi 편집기를 이용하여 설정 파일을 연 후 # vi /etc/pam.d/common-password 3. pam_pwquality.so 부분을 아래와 같이 설정(예시) password requisite pam_pwquality.so enforce_for_root retry=3 minlen=9 dcredit=-1 ucredit=-1 lcredit=-1 ocredit=-1 ※패스워드 복잡성 설정은 Debian 계열의 경우 common-password 파일 또는 pwquality.conf 파일, RedHat 계열의 경우 system-auth 파일 또는 pwquality.conf 파일 둘 중 한 곳에만 적용하면 되며, enforce_for_root 설정은 system-auth 파일에 적용해야 함 ***설정 시 모듈이 있는지 확인 필요*** [일반적으로 권장하는 패스워드 설정] 1. 패스워드의 길이는 최소 9자 이상으로 설정 2. 영문(대문자, 소문자), 숫자, 특수문자를 혼합하여 패스워드 설정 3. 패스워드는 주기적으로 변경하고, 재사용 금지 4. 사전에 있는 단어나 누구나 유추 가능한 간단한 패스워드 사용 금지 | M22: =IF($J22="N/A",0,VLOOKUP($I22,ChkList!$A$47:$B$49,2,FALSE))*1 -> 3 | N22: =IFERROR(VLOOKUP($I22,ChkList!$A$47:$B$49,2,FALSE)*VLOOKUP($J22,ChkList!$A$52:$B$54,2,FALSE),0) -> 0
B23: U1-03 | C23: =ChkList!$B8 -> U-03 | D23: =ChkList!$C8 -> 계정 잠금 임계값 설정 | I23: =ChkList!$D8 -> H | J23: =IF(IFERROR(FIND("[양호]",LEFT(K23,5)),0),"Y",IF(IFERROR(FIND("[취약]",LEFT(K23,5)),0),"N",IF(IFERROR(FIND("[N/A]",LEFT(K23,5)),0),"N/A","인터뷰"))) -> Y | K23: [양호] 계정잠금 임계값 설정이 적절(5회 이하)하므로 양호함 [현황] ------------- /etc/pam.d/system-auth | grep auth | grep required | grep deny= ------------- auth required pam_faillock.so preauth silent audit deny=5 even_deny_root unlock_time=600 ------------- cat /etc/pam.d/password-auth | grep auth | grep required | grep deny= ------------- auth required pam_faillock.so preauth silent audit deny=5 unlock_time=600 auth required pam_faillock.so authfail audit deny=5 unlock_time=600 | L23: =IF(J23="N",ChkList!G8,"") | M23: =IF($J23="N/A",0,VLOOKUP($I23,ChkList!$A$47:$B$49,2,FALSE))*1 -> 3 | N23: =IFERROR(VLOOKUP($I23,ChkList!$A$47:$B$49,2,FALSE)*VLOOKUP($J23,ChkList!$A$52:$B$54,2,FALSE),0) -> 3
B24: U1-04 | C24: =ChkList!$B9 -> U-04 | D24: =ChkList!$C9 -> 패스워드 최대 사용 기간 설정 | I24: =ChkList!$D9 -> M | J24: =IF(IFERROR(FIND("[양호]",LEFT(K24,5)),0),"Y",IF(IFERROR(FIND("[취약]",LEFT(K24,5)),0),"N",IF(IFERROR(FIND("[N/A]",LEFT(K24,5)),0),"N/A","인터뷰"))) -> Y | K24: [양호] 패스워드 최대 사용기간이 적절하게 설정되어 있으므로 양호함 [현황] ------------- PASS_MAX_DAYS 설정 확인 ------------- PASS_MAX_DAYS 90 ------------- 각 계정별 설정 확인 ------------- 패스워드 최대 사용기간 90일을 초과하는 계정이 존재하지 않음 | L24: =IF(J24="N",ChkList!G9,"") | M24: =IF($J24="N/A",0,VLOOKUP($I24,ChkList!$A$47:$B$49,2,FALSE))*1 -> 2 | N24: =IFERROR(VLOOKUP($I24,ChkList!$A$47:$B$49,2,FALSE)*VLOOKUP($J24,ChkList!$A$52:$B$54,2,FALSE),0) -> 2
B25: U1-05 | C25: =ChkList!$B10 -> U-05 | D25: =ChkList!$C10 -> 패스워드 파일 보호 | I25: =ChkList!$D10 -> H | J25: =IF(IFERROR(FIND("[양호]",LEFT(K25,5)),0),"Y",IF(IFERROR(FIND("[취약]",LEFT(K25,5)),0),"N",IF(IFERROR(FIND("[N/A]",LEFT(K25,5)),0),"N/A","인터뷰"))) -> Y | K25: [양호] shadow 파일에 패스워드를 저장하고 있으므로 양호함 [현황] ------------- ls -alL /etc/shadow ------------- -r-------- 1 root root 946 Nov 17 07:47 /etc/shadow | L25: =IF(J25="N",ChkList!G10,"") | M25: =IF($J25="N/A",0,VLOOKUP($I25,ChkList!$A$47:$B$49,2,FALSE))*1 -> 3 | N25: =IFERROR(VLOOKUP($I25,ChkList!$A$47:$B$49,2,FALSE)*VLOOKUP($J25,ChkList!$A$52:$B$54,2,FALSE),0) -> 3
A26: =$A$13 -> U2 | C26: =VLOOKUP($A13,ChkList!$A$5:$B$44,2,FALSE) -> 파일 및 디렉토리 관리
B27: U2-01 | C27: =ChkList!$B12 -> U-06 | D27: =ChkList!$C12 -> root 홈, 패스 디렉터리 권한 및 패스 설정 | I27: =ChkList!$D12 -> H | J27: =IF(IFERROR(FIND("[양호]",LEFT(K27,5)),0),"Y",IF(IFERROR(FIND("[취약]",LEFT(K27,5)),0),"N",IF(IFERROR(FIND("[N/A]",LEFT(K27,5)),0),"N/A","인터뷰"))) -> Y | K27: [양호] PATH 설정에 '.' or '..'이 포함되어 있지 않으므로 양호함 [현황] ------------- PATH 환경변수 ------------- /usr/local/sbin:/usr/local/bin:/usr/sbin:/usr/bin:/root/bin | L27: =IF(J27="N",ChkList!G12,"") | M27: =IF($J27="N/A",0,VLOOKUP($I27,ChkList!$A$47:$B$49,2,FALSE))*1 -> 3 | N27: =IFERROR(VLOOKUP($I27,ChkList!$A$47:$B$49,2,FALSE)*VLOOKUP($J27,ChkList!$A$52:$B$54,2,FALSE),0) -> 3
B28: U2-02 | C28: =ChkList!$B13 -> U-07 | D28: =ChkList!$C13 -> 파일 및 디렉터리 소유자 설정 | I28: =ChkList!$D13 -> H | J28: =IF(IFERROR(FIND("[양호]",LEFT(K28,5)),0),"Y",IF(IFERROR(FIND("[취약]",LEFT(K28,5)),0),"N",IF(IFERROR(FIND("[N/A]",LEFT(K28,5)),0),"N/A","인터뷰"))) -> Y | K28: [양호] 소유자가 그룹이 존재하지 않는 파일 및 디렉터리가 존재하지 않으므로 양호힘 [현황] ------------- 소유자나 그룹이 존재하지 않는 파일 및 디렉터리 확인 ------------- 해당사항 없음 | L28: =IF(J28="N",ChkList!G13,"") | M28: =IF($J28="N/A",0,VLOOKUP($I28,ChkList!$A$47:$B$49,2,FALSE))*1 -> 3 | N28: =IFERROR(VLOOKUP($I28,ChkList!$A$47:$B$49,2,FALSE)*VLOOKUP($J28,ChkList!$A$52:$B$54,2,FALSE),0) -> 3
B29: U2-03 | C29: =ChkList!$B14 -> U-08 | D29: =ChkList!$C14 -> /etc/passwd 파일 소유자 및 권한 설정 | I29: =ChkList!$D14 -> H | J29: =IF(IFERROR(FIND("[양호]",LEFT(K29,5)),0),"Y",IF(IFERROR(FIND("[취약]",LEFT(K29,5)),0),"N",IF(IFERROR(FIND("[N/A]",LEFT(K29,5)),0),"N/A","인터뷰"))) -> Y | K29: [양호] /etc/passwd 파일의 퍼미션이 644이하이므로 양호함 [현황] ------------- /etc/passwd 파일 소유자 및 권한 확인 ------------- -rw-r--r-- 1 root root 1421 Nov 15 15:42 /etc/passwd | L29: =IF(J29="N",ChkList!G14,"") | M29: =IF($J29="N/A",0,VLOOKUP($I29,ChkList!$A$47:$B$49,2,FALSE))*1 -> 3 | N29: =IFERROR(VLOOKUP($I29,ChkList!$A$47:$B$49,2,FALSE)*VLOOKUP($J29,ChkList!$A$52:$B$54,2,FALSE),0) -> 3
B30: U2-04 | C30: =ChkList!$B15 -> U-09 | D30: =ChkList!$C15 -> /etc/shadow 파일 소유자 및 권한 설정 | I30: =ChkList!$D15 -> H | J30: =IF(IFERROR(FIND("[양호]",LEFT(K30,5)),0),"Y",IF(IFERROR(FIND("[취약]",LEFT(K30,5)),0),"N",IF(IFERROR(FIND("[N/A]",LEFT(K30,5)),0),"N/A","인터뷰"))) -> Y | K30: [양호] /etc/shadow 파일의 퍼미션이 400이하이므로 양호함 [현황] ------------- /etc/shadow 파일 소유자 및 권한 확인 ------------- -r-------- 1 root root 946 Nov 17 07:47 /etc/shadow | L30: =IF(J30="N",ChkList!G15,"") | M30: =IF($J30="N/A",0,VLOOKUP($I30,ChkList!$A$47:$B$49,2,FALSE))*1 -> 3 | N30: =IFERROR(VLOOKUP($I30,ChkList!$A$47:$B$49,2,FALSE)*VLOOKUP($J30,ChkList!$A$52:$B$54,2,FALSE),0) -> 3
B31: U2-05 | C31: =ChkList!$B16 -> U-10 | D31: =ChkList!$C16 -> /etc/hosts 파일 소유자 및 권한 설정 | I31: =ChkList!$D16 -> H | J31: =IF(IFERROR(FIND("[양호]",LEFT(K31,5)),0),"Y",IF(IFERROR(FIND("[취약]",LEFT(K31,5)),0),"N",IF(IFERROR(FIND("[N/A]",LEFT(K31,5)),0),"N/A","인터뷰"))) -> Y | K31: [양호] /etc/hosts 파일의 퍼미션이 644이하이므로 양호함 [현황] ------------- /etc/hosts 파일 소유자 및 권한 확인 ------------- -rw-r--r--. 1 root root 158 Sep 10 2018 /etc/hosts | L31: =IF(J31="N",ChkList!G16,"") | M31: =IF($J31="N/A",0,VLOOKUP($I31,ChkList!$A$47:$B$49,2,FALSE))*1 -> 3 | N31: =IFERROR(VLOOKUP($I31,ChkList!$A$47:$B$49,2,FALSE)*VLOOKUP($J31,ChkList!$A$52:$B$54,2,FALSE),0) -> 3
B32: U2-06 | C32: =ChkList!$B17 -> U-11 | D32: =ChkList!$C17 -> /etc/(x)inetd.conf 파일 소유자 및 권한 설정 | I32: =ChkList!$D17 -> H | J32: =IF(IFERROR(FIND("[양호]",LEFT(K32,5)),0),"Y",IF(IFERROR(FIND("[취약]",LEFT(K32,5)),0),"N",IF(IFERROR(FIND("[N/A]",LEFT(K32,5)),0),"N/A","인터뷰"))) -> Y | K32: [양호] /etc/(x)inetd.conf 파일이 존재하지 않으므로 양호처리 함 | L32: =IF(J32="N",ChkList!G17,"") | M32: =IF($J32="N/A",0,VLOOKUP($I32,ChkList!$A$47:$B$49,2,FALSE))*1 -> 3 | N32: =IFERROR(VLOOKUP($I32,ChkList!$A$47:$B$49,2,FALSE)*VLOOKUP($J32,ChkList!$A$52:$B$54,2,FALSE),0) -> 3
B33: U2-07 | C33: =ChkList!$B18 -> U-12 | D33: =ChkList!$C18 -> /etc/syslog.conf 파일 소유자 및 권한 설정 | I33: =ChkList!$D18 -> H | J33: =IF(IFERROR(FIND("[양호]",LEFT(K33,5)),0),"Y",IF(IFERROR(FIND("[취약]",LEFT(K33,5)),0),"N",IF(IFERROR(FIND("[N/A]",LEFT(K33,5)),0),"N/A","인터뷰"))) -> Y | K33: [양호] /etc/rsyslog.conf 파일의 퍼미션이 644이하이므로 양호 [현황] ------------- /etc/rsyslog.conf 파일 소유자 및 권한 설정 ------------- -rw-r--r--. 1 root root 3186 Jan 12 2023 /etc/rsyslog.conf | L33: =IF(J33="N",ChkList!G18,"") | M33: =IF($J33="N/A",0,VLOOKUP($I33,ChkList!$A$47:$B$49,2,FALSE))*1 -> 3 | N33: =IFERROR(VLOOKUP($I33,ChkList!$A$47:$B$49,2,FALSE)*VLOOKUP($J33,ChkList!$A$52:$B$54,2,FALSE),0) -> 3
B34: U2-08 | C34: =ChkList!$B19 -> U-13 | D34: =ChkList!$C19 -> /etc/services 파일 소유자 및 권한 설정 | I34: =ChkList!$D19 -> H | J34: =IF(IFERROR(FIND("[양호]",LEFT(K34,5)),0),"Y",IF(IFERROR(FIND("[취약]",LEFT(K34,5)),0),"N",IF(IFERROR(FIND("[N/A]",LEFT(K34,5)),0),"N/A","인터뷰"))) -> Y | K34: [양호] /etc/services 파일의 퍼미션이 644이하이므로 양호함 [현황] ------------- /etc/services 파일 소유자 및 권한 확인 ------------- -rw-r--r--. 1 root root 692252 Nov 30 2022 /etc/services | L34: =IF(J34="N",ChkList!G19,"") | M34: =IF($J34="N/A",0,VLOOKUP($I34,ChkList!$A$47:$B$49,2,FALSE))*1 -> 3 | N34: =IFERROR(VLOOKUP($I34,ChkList!$A$47:$B$49,2,FALSE)*VLOOKUP($J34,ChkList!$A$52:$B$54,2,FALSE),0) -> 3
B35: U2-09 | C35: =ChkList!$B20 -> U-14 | D35: =ChkList!$C20 -> SUID, SGID, Sticky bit 설정 파일 점검 | I35: =ChkList!$D20 -> H | J35: =IF(IFERROR(FIND("[양호]",LEFT(K35,5)),0),"Y",IF(IFERROR(FIND("[취약]",LEFT(K35,5)),0),"N",IF(IFERROR(FIND("[N/A]",LEFT(K35,5)),0),"N/A","인터뷰"))) -> Y | K35: [양호] 주요 파일의 권한에 SUID/SGID에 대한 설정이 부여되어 있지 않으므로 양호힘 [현황] ------------- 주요 파일의 SUID/SGID 설정 확인 ------------- SUID/SGID가 설정된 주요파일이 존재하지 않음 | L35: =IF(J35="N",ChkList!G20,"") | M35: =IF($J35="N/A",0,VLOOKUP($I35,ChkList!$A$47:$B$49,2,FALSE))*1 -> 3 | N35: =IFERROR(VLOOKUP($I35,ChkList!$A$47:$B$49,2,FALSE)*VLOOKUP($J35,ChkList!$A$52:$B$54,2,FALSE),0) -> 3
B36: U2-10 | C36: =ChkList!$B21 -> U-15 | D36: =ChkList!$C21 -> 사용자, 시스템 시작파일 및 환경파일 소유자 및 권한 설정 | I36: =ChkList!$D21 -> H | J36: =IF(IFERROR(FIND("[양호]",LEFT(K36,5)),0),"Y",IF(IFERROR(FIND("[취약]",LEFT(K36,5)),0),"N",IF(IFERROR(FIND("[N/A]",LEFT(K36,5)),0),"N/A","인터뷰"))) -> Y | K36: [양호] 사용자 환경변수 파일의 권한이 644이하이므로 양호함 [현황] ------------- 나. 사용자 환경변수 파일의 권한 확인 ------------- -rw-r--r-- 1 idt_parkyk idt_parkyk 141 Aug 2 2022 /home1/idt_parkyk/.bash_profile -rw-r--r-- 1 idt_parkyk idt_parkyk 376 Aug 2 2022 /home1/idt_parkyk/.bashrc -rw------- 1 idt_parkyk idt_parkyk 0 Nov 17 08:48 /home1/idt_parkyk/.bash_history -rw-r--r-- 1 nbpmon nbpmon 141 Aug 2 2022 /home1/nbpmon/.bash_profile -rw-r--r-- 1 nbpmon nbpmon 376 Aug 2 2022 /home1/nbpmon/.bashrc -rw-r--r-- 1 ncloud nbpmon 335 Jul 18 17:58 /home1/ncloud/.bash_profile -rw-r--r-- 1 ncloud nbpmon 376 Aug 2 2022 /home1/ncloud/.bashrc -rw------- 1 ncloud ncloud 0 Nov 17 09:59 /home1/ncloud/.bash_history -rw-r--r--. 1 root root 100 Mar 15 2021 /root/.cshrc -rw-r--r--. 1 root root 176 Mar 15 2021 /root/.bash_profile -rw-r--r--. 1 root root 176 Mar 15 2021 /root/.bashrc -rw------- 1 root root 0 Nov 17 09:59 /root/.bash_history | L36: =IF(J36="N",ChkList!G21,"") | M36: =IF($J36="N/A",0,VLOOKUP($I36,ChkList!$A$47:$B$49,2,FALSE))*1 -> 3 | N36: =IFERROR(VLOOKUP($I36,ChkList!$A$47:$B$49,2,FALSE)*VLOOKUP($J36,ChkList!$A$52:$B$54,2,FALSE),0) -> 3
B37: U2-11 | C37: =ChkList!$B22 -> U-16 | D37: =ChkList!$C22 -> world writable 파일 점검 | I37: =ChkList!$D22 -> H | J37: =IF(IFERROR(FIND("[양호]",LEFT(K37,5)),0),"Y",IF(IFERROR(FIND("[취약]",LEFT(K37,5)),0),"N",IF(IFERROR(FIND("[N/A]",LEFT(K37,5)),0),"N/A","인터뷰"))) -> Y | K37: [양호] world writable 파일이 존재하지 않으므로 양호힘 [현황] ------------- world writable 파일목록 ------------- | L37: =IF(J37="N",ChkList!G22,"") | M37: =IF($J37="N/A",0,VLOOKUP($I37,ChkList!$A$47:$B$49,2,FALSE))*1 -> 3 | N37: =IFERROR(VLOOKUP($I37,ChkList!$A$47:$B$49,2,FALSE)*VLOOKUP($J37,ChkList!$A$52:$B$54,2,FALSE),0) -> 3
B38: U2-13 | C38: =ChkList!$B23 -> U-17 | D38: =ChkList!$C23 -> $HOME/.rhosts, hosts.equiv 사용 금지 | I38: =ChkList!$D23 -> H | J38: =IF(IFERROR(FIND("[양호]",LEFT(K38,5)),0),"Y",IF(IFERROR(FIND("[취약]",LEFT(K38,5)),0),"N",IF(IFERROR(FIND("[N/A]",LEFT(K38,5)),0),"N/A","인터뷰"))) -> Y | K38: [양호] R 서비스가 동작중이 아니므로 양호함 [현황] ------------- # 동작중인 R 서비스 ------------- 동작중인 R 서비스가 존재하지 않음 | L38: =IF(J38="N",ChkList!G23,"") | M38: =IF($J38="N/A",0,VLOOKUP($I38,ChkList!$A$47:$B$49,2,FALSE))*1 -> 3 | N38: =IFERROR(VLOOKUP($I38,ChkList!$A$47:$B$49,2,FALSE)*VLOOKUP($J38,ChkList!$A$52:$B$54,2,FALSE),0) -> 3
... B40: U2-15 | C40: =ChkList!$B25 -> U-19 | D40: =ChkList!$C25 -> cron 파일 소유자 및 권한 설정 | I40: =ChkList!$D25 -> H | J40: =IF(IFERROR(FIND("[양호]",LEFT(K40,5)),0),"Y",IF(IFERROR(FIND("[취약]",LEFT(K40,5)),0),"N",IF(IFERROR(FIND("[N/A]",LEFT(K40,5)),0),"N/A","인터뷰"))) -> Y | K40: [양호] cron 파일의 소유자가 root이고 접근권한이 640이하이므로 양호함 [현황] ------------- /etc/cron.allow 파일 ------------- /etc/cron.allow 파일이 존재하지 않음 ------------- /etc/cron.deny 파일 ------------- -rw-r-----. 1 root root 0 Oct 1 2022 /etc/cron.deny | L40: =IF(J40="N",ChkList!G25,"") | M40: =IF($J40="N/A",0,VLOOKUP($I40,ChkList!$A$47:$B$49,2,FALSE))*1 -> 3 | N40: =IFERROR(VLOOKUP($I40,ChkList!$A$47:$B$49,2,FALSE)*VLOOKUP($J40,ChkList!$A$52:$B$54,2,FALSE),0) -> 3
A41: =$A$14 -> U3 | C41: =VLOOKUP($A14,ChkList!$A$5:$B$44,2,FALSE) -> 서비스 관리
B42: U3-01 | C42: =ChkList!$B27 -> U-20 | D42: =ChkList!$C27 -> Finger 서비스 비활성화 | I42: =ChkList!$D27 -> H | J42: =IF(IFERROR(FIND("[양호]",LEFT(K42,5)),0),"Y",IF(IFERROR(FIND("[취약]",LEFT(K42,5)),0),"N",IF(IFERROR(FIND("[N/A]",LEFT(K42,5)),0),"N/A","인터뷰"))) -> Y | K42: [양호] 현재 finger 서비스가 동작하지 않으므로 양호함 | L42: =IF(J42="N",ChkList!G27,"") | M42: =IF($J42="N/A",0,VLOOKUP($I42,ChkList!$A$47:$B$49,2,FALSE))*1 -> 3 | N42: =IFERROR(VLOOKUP($I42,ChkList!$A$47:$B$49,2,FALSE)*VLOOKUP($J42,ChkList!$A$52:$B$54,2,FALSE),0) -> 3
B43: U3-02 | C43: =ChkList!$B28 -> U-21 | D43: =ChkList!$C28 -> Anonymous FTP 비활성화 | I43: =ChkList!$D28 -> H | J43: =IF(IFERROR(FIND("[양호]",LEFT(K43,5)),0),"Y",IF(IFERROR(FIND("[취약]",LEFT(K43,5)),0),"N",IF(IFERROR(FIND("[N/A]",LEFT(K43,5)),0),"N/A","인터뷰"))) -> Y | K43: [양호] FTP 서비스가 동작중이 아니므로 양호함 | L43: =IF(J43="N",ChkList!G28,"") | M43: =IF($J43="N/A",0,VLOOKUP($I43,ChkList!$A$47:$B$49,2,FALSE))*1 -> 3 | N43: =IFERROR(VLOOKUP($I43,ChkList!$A$47:$B$49,2,FALSE)*VLOOKUP($J43,ChkList!$A$52:$B$54,2,FALSE),0) -> 3
B44: U3-03 | C44: =ChkList!$B29 -> U-22 | D44: =ChkList!$C29 -> r 계열 서비스 비활성화 | I44: =ChkList!$D29 -> H | J44: =IF(IFERROR(FIND("[양호]",LEFT(K44,5)),0),"Y",IF(IFERROR(FIND("[취약]",LEFT(K44,5)),0),"N",IF(IFERROR(FIND("[N/A]",LEFT(K44,5)),0),"N/A","인터뷰"))) -> Y | K44: [양호] 현재 rsh, rlogin, rexec 서비스가 동작하지 않으므로 양호함 | L44: =IF(J44="N",ChkList!G29,"") | M44: =IF($J44="N/A",0,VLOOKUP($I44,ChkList!$A$47:$B$49,2,FALSE))*1 -> 3 | N44: =IFERROR(VLOOKUP($I44,ChkList!$A$47:$B$49,2,FALSE)*VLOOKUP($J44,ChkList!$A$52:$B$54,2,FALSE),0) -> 3
B45: U3-05 | C45: =ChkList!$B30 -> U-23 | D45: =ChkList!$C30 -> DoS 공격에 취약한 서비스 비활성화 | I45: =ChkList!$D30 -> H | J45: =IF(IFERROR(FIND("[양호]",LEFT(K45,5)),0),"Y",IF(IFERROR(FIND("[취약]",LEFT(K45,5)),0),"N",IF(IFERROR(FIND("[N/A]",LEFT(K45,5)),0),"N/A","인터뷰"))) -> Y | K45: [양호] echo, discard, daytime, chargen 서비스가 동작하지 않으므로 양호함 | L45: =IF(J45="N",ChkList!G30,"") | M45: =IF($J45="N/A",0,VLOOKUP($I45,ChkList!$A$47:$B$49,2,FALSE))*1 -> 3 | N45: =IFERROR(VLOOKUP($I45,ChkList!$A$47:$B$49,2,FALSE)*VLOOKUP($J45,ChkList!$A$52:$B$54,2,FALSE),0) -> 3
B46: U3-06 | C46: =ChkList!$B31 -> U-24 | D46: =ChkList!$C31 -> NFS 서비스 비활성화 | I46: =ChkList!$D31 -> H | J46: =IF(IFERROR(FIND("[양호]",LEFT(K46,5)),0),"Y",IF(IFERROR(FIND("[취약]",LEFT(K46,5)),0),"N",IF(IFERROR(FIND("[N/A]",LEFT(K46,5)),0),"N/A","인터뷰"))) -> Y | K46: [양호] 현재 NFS 서비스가 동작하지 않으므로 양호험 | L46: =IF(J46="N",ChkList!G31,"") | M46: =IF($J46="N/A",0,VLOOKUP($I46,ChkList!$A$47:$B$49,2,FALSE))*1 -> 3 | N46: =IFERROR(VLOOKUP($I46,ChkList!$A$47:$B$49,2,FALSE)*VLOOKUP($J46,ChkList!$A$52:$B$54,2,FALSE),0) -> 3
B47: U3-07 | C47: =ChkList!$B32 -> U-25 | D47: =ChkList!$C32 -> NFS 접근통제 | I47: =ChkList!$D32 -> H | J47: =IF(IFERROR(FIND("[양호]",LEFT(K47,5)),0),"Y",IF(IFERROR(FIND("[취약]",LEFT(K47,5)),0),"N",IF(IFERROR(FIND("[N/A]",LEFT(K47,5)),0),"N/A","인터뷰"))) -> Y | K47: [양호] NFS 서비스가 비활성화되어 있으므로 양호처리 함 | L47: =IF(J47="N",ChkList!G32,"") | M47: =IF($J47="N/A",0,VLOOKUP($I47,ChkList!$A$47:$B$49,2,FALSE))*1 -> 3 | N47: =IFERROR(VLOOKUP($I47,ChkList!$A$47:$B$49,2,FALSE)*VLOOKUP($J47,ChkList!$A$52:$B$54,2,FALSE),0) -> 3
B48: U3-08 | C48: =ChkList!$B33 -> U-26 | D48: =ChkList!$C33 -> automountd 제거 | I48: =ChkList!$D33 -> H | J48: =IF(IFERROR(FIND("[양호]",LEFT(K48,5)),0),"Y",IF(IFERROR(FIND("[취약]",LEFT(K48,5)),0),"N",IF(IFERROR(FIND("[N/A]",LEFT(K48,5)),0),"N/A","인터뷰"))) -> Y | K48: [양호] automount 데몬이 동작중이지 않으므로 양호함 | L48: =IF(J48="N",ChkList!G33,"") | M48: =IF($J48="N/A",0,VLOOKUP($I48,ChkList!$A$47:$B$49,2,FALSE))*1 -> 3 | N48: =IFERROR(VLOOKUP($I48,ChkList!$A$47:$B$49,2,FALSE)*VLOOKUP($J48,ChkList!$A$52:$B$54,2,FALSE),0) -> 3
B49: U3-09 | C49: =ChkList!$B34 -> U-27 | D49: =ChkList!$C34 -> RPC 서비스 확인 | I49: =ChkList!$D34 -> H | J49: =IF(IFERROR(FIND("[양호]",LEFT(K49,5)),0),"Y",IF(IFERROR(FIND("[취약]",LEFT(K49,5)),0),"N",IF(IFERROR(FIND("[N/A]",LEFT(K49,5)),0),"N/A","인터뷰"))) -> Y | K49: [양호] 현재 RPC 서비스가 동작하지 않으므로 양호함 | L49: =IF(J49="N",ChkList!G34,"") | M49: =IF($J49="N/A",0,VLOOKUP($I49,ChkList!$A$47:$B$49,2,FALSE))*1 -> 3 | N49: =IFERROR(VLOOKUP($I49,ChkList!$A$47:$B$49,2,FALSE)*VLOOKUP($J49,ChkList!$A$52:$B$54,2,FALSE),0) -> 3
B50: U3-10 | C50: =ChkList!$B35 -> U-28 | D50: =ChkList!$C35 -> NIS, NIS+ 점검 | I50: =ChkList!$D35 -> H | J50: =IF(IFERROR(FIND("[양호]",LEFT(K50,5)),0),"Y",IF(IFERROR(FIND("[취약]",LEFT(K50,5)),0),"N",IF(IFERROR(FIND("[N/A]",LEFT(K50,5)),0),"N/A","인터뷰"))) -> Y | K50: [양호] NIS , NIS+ 서비스가 동작중이지 않으므로 양호함 | L50: =IF(J50="N",ChkList!G35,"") | M50: =IF($J50="N/A",0,VLOOKUP($I50,ChkList!$A$47:$B$49,2,FALSE))*1 -> 3 | N50: =IFERROR(VLOOKUP($I50,ChkList!$A$47:$B$49,2,FALSE)*VLOOKUP($J50,ChkList!$A$52:$B$54,2,FALSE),0) -> 3
B51: U3-11 | C51: =ChkList!$B36 -> U-29 | D51: =ChkList!$C36 -> tftp, talk 서비스 비활성화 | I51: =ChkList!$D36 -> H | J51: =IF(IFERROR(FIND("[양호]",LEFT(K51,5)),0),"Y",IF(IFERROR(FIND("[취약]",LEFT(K51,5)),0),"N",IF(IFERROR(FIND("[N/A]",LEFT(K51,5)),0),"N/A","인터뷰"))) -> Y | K51: [양호] tftp, talk 서비스가 동작하지 않으므로 양호함 | L51: =IF(J51="N",ChkList!G36,"") | M51: =IF($J51="N/A",0,VLOOKUP($I51,ChkList!$A$47:$B$49,2,FALSE))*1 -> 3 | N51: =IFERROR(VLOOKUP($I51,ChkList!$A$47:$B$49,2,FALSE)*VLOOKUP($J51,ChkList!$A$52:$B$54,2,FALSE),0) -> 3
B52: U3-12 | C52: =ChkList!$B37 -> U-30 | D52: =ChkList!$C37 -> Sendmail 버전 점검 | I52: =ChkList!$D37 -> H | J52: =IF(IFERROR(FIND("[양호]",LEFT(K52,5)),0),"Y",IF(IFERROR(FIND("[취약]",LEFT(K52,5)),0),"N",IF(IFERROR(FIND("[N/A]",LEFT(K52,5)),0),"N/A","인터뷰"))) -> Y | K52: [양호] Sendmail 서비스가 동작중이지 않으므로 양호함 | L52: =IF(J52="N",ChkList!G37,"") | M52: =IF($J52="N/A",0,VLOOKUP($I52,ChkList!$A$47:$B$49,2,FALSE))*1 -> 3 | N52: =IFERROR(VLOOKUP($I52,ChkList!$A$47:$B$49,2,FALSE)*VLOOKUP($J52,ChkList!$A$52:$B$54,2,FALSE),0) -> 3
B53: U3-13 | C53: =ChkList!$B38 -> U-31 | D53: =ChkList!$C38 -> 스팸 메일 릴레이 제한 | I53: =ChkList!$D38 -> H | J53: =IF(IFERROR(FIND("[양호]",LEFT(K53,5)),0),"Y",IF(IFERROR(FIND("[취약]",LEFT(K53,5)),0),"N",IF(IFERROR(FIND("[N/A]",LEFT(K53,5)),0),"N/A","인터뷰"))) -> Y | K53: [양호] Sendmail 서비스가 동작중이지 않으므로 양호함 | L53: =IF(J53="N",ChkList!G38,"") | M53: =IF($J53="N/A",0,VLOOKUP($I53,ChkList!$A$47:$B$49,2,FALSE))*1 -> 3 | N53: =IFERROR(VLOOKUP($I53,ChkList!$A$47:$B$49,2,FALSE)*VLOOKUP($J53,ChkList!$A$52:$B$54,2,FALSE),0) -> 3
... B56: U3-16 | C56: =ChkList!$B41 -> U-34 | D56: =ChkList!$C41 -> DNS ZoneTransfer 설정 | I56: =ChkList!$D41 -> H | J56: =IF(IFERROR(FIND("[양호]",LEFT(K56,5)),0),"Y",IF(IFERROR(FIND("[취약]",LEFT(K56,5)),0),"N",IF(IFERROR(FIND("[N/A]",LEFT(K56,5)),0),"N/A","인터뷰"))) -> Y | K56: [양호] DNS 서비스를 사용하지 않으므로 양호함 | L56: =IF(J56="N",ChkList!G41,"") | M56: =IF($J56="N/A",0,VLOOKUP($I56,ChkList!$A$47:$B$49,2,FALSE))*1 -> 3 | N56: =IFERROR(VLOOKUP($I56,ChkList!$A$47:$B$49,2,FALSE)*VLOOKUP($J56,ChkList!$A$52:$B$54,2,FALSE),0) -> 3
A57: =$A$15 -> U4 | C57: =VLOOKUP($A15,ChkList!$A$5:$B$44,2,FALSE) -> 패치 및 로그관리
B58: U4-01 | C58: =ChkList!$B43 -> U-35 | D58: =ChkList!$C43 -> 최신 보안패치 및 벤더 권고사항 적용 | I58: =ChkList!$D43 -> H | J58: =IF(IFERROR(FIND("[양호]",LEFT(K58,5)),0),"Y",IF(IFERROR(FIND("[취약]",LEFT(K58,5)),0),"N",IF(IFERROR(FIND("[N/A]",LEFT(K58,5)),0),"N/A","인터뷰"))) -> N | K58: [취약] 최신 보안 패치가 적용되지 않았으므로 취약함 [현황] ------------- Linux Version ------------- Rocky Linux release 8.8 (Green Obsidian) NAME="Rocky Linux" VERSION="8.8 (Green Obsidian)" ID="rocky" ID_LIKE="rhel centos fedora" VERSION_ID="8.8" PLATFORM_ID="platform:el8" PRETTY_NAME="Rocky Linux 8.8 (Green Obsidian)" ANSI_COLOR="0;32" LOGO="fedora-logo-icon" CPE_NAME="cpe:/o:rocky:rocky:8:GA" HOME_URL="https://rockylinux.org/" BUG_REPORT_URL="https://bugs.rockylinux.org/" SUPPORT_END="2029-05-31" ROCKY_SUPPORT_PRODUCT="Rocky-Linux-8" ROCKY_SUPPORT_PRODUCT_VERSION="8.8" REDHAT_SUPPORT_PRODUCT="Rocky Linux" REDHAT_SUPPORT_PRODUCT_VERSION="8.8" Rocky Linux release 8.8 (Green Obsidian) Rocky Linux release 8.8 (Green Obsidian) Rocky Linux release 8.8 (Green Obsidian) ------------- Kernel Version ------------- 4.18.0-477.15.1.el8_8.x86_64 *4.18.0-477.27.1 이상 버전 권고(CVE-2023-3090, CVE-2023-3776, CVE-2023-4004) | L58: =IF(J58="N",ChkList!G43,"") -> ※ 설정 기준 권고 (또는 정책기준) 1. 보안 취약점이 발표되면 시스템 영향도를 평가하고, 긴급 대응책 및 중장기 대응책을 마련하여 계획과 허가에 의해 대응하는 것이 좋다. 2. 패치를 수행할 시 시스템의 영향도에 따라 패치를 차등 수행하도록 한다. 3. 시스템 운영에 영향을 주지 않는 범위 내에서 주기적으로 패치를 수행할 것을 권고함 | M58: =IF($J58="N/A",0,VLOOKUP($I58,ChkList!$A$47:$B$49,2,FALSE))*1 -> 3 | N58: =IFERROR(VLOOKUP($I58,ChkList!$A$47:$B$49,2,FALSE)*VLOOKUP($J58,ChkList!$A$52:$B$54,2,FALSE),0) -> 0
B59: U4-02 | C59: =ChkList!$B44 -> U-36 | D59: =ChkList!$C44 -> 로그의 정기적 검토 및 보고 | I59: =ChkList!$D44 -> H | J59: =IF(IFERROR(FIND("[양호]",LEFT(K59,5)),0),"Y",IF(IFERROR(FIND("[취약]",LEFT(K59,5)),0),"N",IF(IFERROR(FIND("[N/A]",LEFT(K59,5)),0),"N/A","인터뷰"))) -> N | K59: [취약] 로그를 정기적으로 검토 및 보고를 하고 있지 않으므로 취약함 [현황] 현재 로그 검토 및 보고 매커니즘이 설정되어 있지 않음 | L59: =IF(J59="N",ChkList!G44,"") -> ※ 로그파일에는 해킹의 흔적들이 남겨져 있을 수 있으므로, 다음과 같이 로그 파일의 백업에 대한 검토를 해야 함. 1. su 시도에 관한 로그 2. 반복적인 로그인 실패에 관한 로그 3. 로그인 거부 메세지에 관한 로그 4. 기본적 log 파일의 위치는 /var/adm, /var/log ※ 커널과 시스템에 관련된 로그 메시지들은 syslogd와 klogd 두개의 데몬에 의해서 /var/log/messages에 기록하게 됨. 이 파일을 분석함으로써 시스템을 항상 점검 관리해야 함. | M59: =IF($J59="N/A",0,VLOOKUP($I59,ChkList!$A$47:$B$49,2,FALSE))*1 -> 3 | N59: =IFERROR(VLOOKUP($I59,ChkList!$A$47:$B$49,2,FALSE)*VLOOKUP($J59,ChkList!$A$52:$B$54,2,FALSE),0) -> 0

Sheet U_003
A1: 장비별 상세 점검결과
A3: 1) 시스템 현황
A4: No | E4: =RIGHT(CELL("filename",E4),LEN(CELL("filename",E4))-FIND("]",CELL("filename",E4))) -> U_003 | G4: 호스트명 | I4: =IFERROR(VLOOKUP($E$4,자산목록!$A$1:$I$844,2,FALSE),"N/A") -> idt-gov-ngs
A5: SW 버전 | E5: =IFERROR(VLOOKUP($E$4,자산목록!$A$1:$I$851,4,FALSE),"N/A") & " " & IFERROR(VLOOKUP($E$4,자산목록!$A$1:$I$851,5,FALSE),"N/A") -> centos 7.8 | G5: IP | I5: =IFERROR(VLOOKUP($E$4,자산목록!$A$1:$I$844,3,FALSE),"N/A") -> 10.0.1.10
A6: 변경 SW 버전 | E6: =IFERROR(VLOOKUP($E$4,자산목록!$A$1:$I$844,6,FALSE),"N/A") -> - | G6: 담당자 | I6: =IFERROR(VLOOKUP($E$4,자산목록!$A$1:$I$844,9,FALSE),"N/A") -> 박영규
A8: 2) 점검 결과
A9: ① 부분별 점검 결과
A10: 분류 | E10: 항목 통계 | H10: 점검 점수
E11: 전체 | F11: 점검 | G11: 양호 | H11: 전체 | I11: 평가 | J11: 수준
A12: U1 | C12: =VLOOKUP($A12,ChkList!$A$5:$B$44,2,FALSE) -> 계정 관리 | E12: =COUNTIF($B$21:INDIRECT(ADDRESS(MATCH("",$B:$B,-1),2,1,1)),$A12&"*") -> 5 | F12: =$E12-COUNTIFS($B$21:INDIRECT(ADDRESS(MATCH("",$B:$B,-1),2,1,1)),$A12&"*",$J$21:INDIRECT(ADDRESS(MATCH("",$B:$B,-1),10,1,1)),"N/A") -> 5 | G12: =COUNTIFS($B$21:INDIRECT(ADDRESS(MATCH("",$B:$B,-1),2,1,1)),$A12&"*",$J$21:INDIRECT(ADDRESS(MATCH("",$B:$B,-1),10,1,1)),"Y") -> 5 | H12: =SUMIF($B$21:INDIRECT(ADDRESS(MATCH("",$B:$B,-1),2,1,1)),$A12&"*",$M$21:INDIRECT(ADDRESS(MATCH("",$B:$B,-1),13,1,1))) -> 14 | I12: =SUMIF($B$21:INDIRECT(ADDRESS(MATCH("",$B:$B,-1),2,1,1)),$A12&"*",$N$21:INDIRECT(ADDRESS(MATCH("",$B:$B,-1),14,1,1))) -> 14 | J12: =IF(F12=0, "N/A", (I12/H12)) -> 1
A13: U2 | C13: =VLOOKUP($A13,ChkList!$A$5:$B$44,2,FALSE) -> 파일 및 디렉토리 관리 | E13: =COUNTIF($B$21:INDIRECT(ADDRESS(MATCH("",$B:$B,-1),2,1,1)),$A13&"*") -> 14 | F13: =$E13-COUNTIFS($B$21:INDIRECT(ADDRESS(MATCH("",$B:$B,-1),2,1,1)),$A13&"*",$J$21:INDIRECT(ADDRESS(MATCH("",$B:$B,-1),10,1,1)),"N/A") -> 14 | G13: =COUNTIFS($B$21:INDIRECT(ADDRESS(MATCH("",$B:$B,-1),2,1,1)),$A13&"*",$J$21:INDIRECT(ADDRESS(MATCH("",$B:$B,-1),10,1,1)),"Y") -> 13 | H13: =SUMIF($B$21:INDIRECT(ADDRESS(MATCH("",$B:$B,-1),2,1,1)),$A13&"*",$M$21:INDIRECT(ADDRESS(MATCH("",$B:$B,-1),13,1,1))) -> 42 | I13: =SUMIF($B$21:INDIRECT(ADDRESS(MATCH("",$B:$B,-1),2,1,1)),$A13&"*",$N$21:INDIRECT(ADDRESS(MATCH("",$B:$B,-1),14,1,1))) -> 39 | J13: =IF(F13=0, "N/A", (I13/H13)) -> 0.92857143
A14: U3 | C14: =VLOOKUP($A14,ChkList!$A$5:$B$44,2,FALSE) -> 서비스 관리 | E14: =COUNTIF($B$21:INDIRECT(ADDRESS(MATCH("",$B:$B,-1),2,1,1)),$A14&"*") -> 15 | F14: =$E14-COUNTIFS($B$21:INDIRECT(ADDRESS(MATCH("",$B:$B,-1),2,1,1)),$A14&"*",$J$21:INDIRECT(ADDRESS(MATCH("",$B:$B,-1),10,1,1)),"N/A") -> 15 | G14: =COUNTIFS($B$21:INDIRECT(ADDRESS(MATCH("",$B:$B,-1),2,1,1)),$A14&"*",$J$21:INDIRECT(ADDRESS(MATCH("",$B:$B,-1),10,1,1)),"Y") -> 14 | H14: =SUMIF($B$21:INDIRECT(ADDRESS(MATCH("",$B:$B,-1),2,1,1)),$A14&"*",$M$21:INDIRECT(ADDRESS(MATCH("",$B:$B,-1),13,1,1))) -> 45 | I14: =SUMIF($B$21:INDIRECT(ADDRESS(MATCH("",$B:$B,-1),2,1,1)),$A14&"*",$N$21:INDIRECT(ADDRESS(MATCH("",$B:$B,-1),14,1,1))) -> 42 | J14: =IF(F14=0, "N/A", (I14/H14)) -> 0.93333333
A15: U4 | C15: =VLOOKUP($A15,ChkList!$A$5:$B$44,2,FALSE) -> 패치 및 로그관리 | E15: =COUNTIF($B$21:INDIRECT(ADDRESS(MATCH("",$B:$B,-1),2,1,1)),$A15&"*") -> 2 | F15: =$E15-COUNTIFS($B$21:INDIRECT(ADDRESS(MATCH("",$B:$B,-1),2,1,1)),$A15&"*",$J$21:INDIRECT(ADDRESS(MATCH("",$B:$B,-1),10,1,1)),"N/A") -> 2 | G15: =COUNTIFS($B$21:INDIRECT(ADDRESS(MATCH("",$B:$B,-1),2,1,1)),$A15&"*",$J$21:INDIRECT(ADDRESS(MATCH("",$B:$B,-1),10,1,1)),"Y") -> 0 | H15: =SUMIF($B$21:INDIRECT(ADDRESS(MATCH("",$B:$B,-1),2,1,1)),$A15&"*",$M$21:INDIRECT(ADDRESS(MATCH("",$B:$B,-1),13,1,1))) -> 6 | I15: =SUMIF($B$21:INDIRECT(ADDRESS(MATCH("",$B:$B,-1),2,1,1)),$A15&"*",$N$21:INDIRECT(ADDRESS(MATCH("",$B:$B,-1),14,1,1))) -> 0 | J15: =IF(F15=0, "N/A", (I15/H15)) -> 0
A16: 전체 보안 수준 | E16: =SUM(E12:E15) -> 36 | F16: =SUM(F12:F15) -> 36 | G16: =SUM(G12:G15) -> 32 | H16: =SUM(H12:H15) -> 107 | I16: =SUM(I12:I15) -> 95 | J16: =IF(H16=0,"N/A",I16/H16) -> 0.88785047
A18: ② 상세 점검 현황 | L18: (양호: Y, 취약: N, 해당사항없음: N/A) | M18: HIDDEN 필드입니다
A19: 분류 | D19: 점검 항목 | I19: 중요도 | J19: 점검결과 | K19: 현황 | L19: 개선방안 | M19: 전체점수 | N19: 평가점수
A20: =$A$12 -> U1 | C20: =VLOOKUP($A12,ChkList!$A$5:$B$44,2,FALSE) -> 계정 관리
B21: U1-01 | C21: =ChkList!$B6 -> U-01 | D21: =ChkList!$C6 -> root 계정 원격 접속 제한 | I21: =ChkList!$D6 -> H | J21: =IF(IFERROR(FIND("[양호]",LEFT(K21,5)),0),"Y",IF(IFERROR(FIND("[취약]",LEFT(K21,5)),0),"N",IF(IFERROR(FIND("[N/A]",LEFT(K21,5)),0),"N/A","인터뷰"))) -> Y | K21: [양호] root 계정의 원격 접속 제한설정이 적용되어 있으므로 양호함 [현황] ------------- cat /etc/ssh/sshd_config | grep PermitRootLogin ------------- PermitRootLogin no # the setting of "PermitRootLogin without-password". | L21: =IF(J21="N",ChkList!G6,"") | M21: =IF($J21="N/A",0,VLOOKUP($I21,ChkList!$A$47:$B$49,2,FALSE))*1 -> 3 | N21: =IFERROR(VLOOKUP($I21,ChkList!$A$47:$B$49,2,FALSE)*VLOOKUP($J21,ChkList!$A$52:$B$54,2,FALSE),0) -> 3
B22: U1-02 | C22: =ChkList!$B7 -> U-02 | D22: =ChkList!$C7 -> 패스워드 복잡성 설정 | I22: =ChkList!$D7 -> H | J22: =IF(IFERROR(FIND("[양호]",LEFT(K22,5)),0),"Y",IF(IFERROR(FIND("[취약]",LEFT(K22,5)),0),"N",IF(IFERROR(FIND("[N/A]",LEFT(K22,5)),0),"N/A","인터뷰"))) -> Y | K22: [양호] 패스워드 복잡성 설정이 적절(9글자 이상, 영문 대〮소문자, 숫자, 특수문자 1글자씩 사용)하고, enforce_for_root 설정이 되어있으므로 양호함 [현황] ------------- cat /etc/security/pwquality.conf ------------- lcredit=1 ucredit=1 dcredit=1 ocredit=1 minlen=8 enforce_for_root | L22: =IF(J22="N",ChkList!G7,"") | M22: =IF($J22="N/A",0,VLOOKUP($I22,ChkList!$A$47:$B$49,2,FALSE))*1 -> 3 | N22: =IFERROR(VLOOKUP($I22,ChkList!$A$47:$B$49,2,FALSE)*VLOOKUP($J22,ChkList!$A$52:$B$54,2,FALSE),0) -> 3
B23: U1-03 | C23: =ChkList!$B8 -> U-03 | D23: =ChkList!$C8 -> 계정 잠금 임계값 설정 | I23: =ChkList!$D8 -> H | J23: =IF(IFERROR(FIND("[양호]",LEFT(K23,5)),0),"Y",IF(IFERROR(FIND("[취약]",LEFT(K23,5)),0),"N",IF(IFERROR(FIND("[N/A]",LEFT(K23,5)),0),"N/A","인터뷰"))) -> Y | K23: [양호] 계정잠금 임계값 설정이 적절(5회 이하)하므로 양호함 [현황] ------------- /etc/pam.d/system-auth | grep auth | grep required | grep deny= ------------- auth required pam_tally2.so onerr=fail deny=5 no_magic_root unlock_time=120 reset ------------- cat /etc/pam.d/password-auth | grep auth | grep required | grep deny= ------------- auth required pam_tally2.so deny=5 no_magic_root unlock_time=120 reset | L23: =IF(J23="N",ChkList!G8,"") | M23: =IF($J23="N/A",0,VLOOKUP($I23,ChkList!$A$47:$B$49,2,FALSE))*1 -> 3 | N23: =IFERROR(VLOOKUP($I23,ChkList!$A$47:$B$49,2,FALSE)*VLOOKUP($J23,ChkList!$A$52:$B$54,2,FALSE),0) -> 3
B24: U1-04 | C24: =ChkList!$B9 -> U-04 | D24: =ChkList!$C9 -> 패스워드 최대 사용 기간 설정 | I24: =ChkList!$D9 -> M | J24: =IF(IFERROR(FIND("[양호]",LEFT(K24,5)),0),"Y",IF(IFERROR(FIND("[취약]",LEFT(K24,5)),0),"N",IF(IFERROR(FIND("[N/A]",LEFT(K24,5)),0),"N/A","인터뷰"))) -> Y | K24: [양호] 패스워드 최대 사용기간이 적절하게 설정되어 있으므로 양호함 [현황] ------------- PASS_MAX_DAYS 설정 확인 ------------- PASS_MAX_DAYS 90 ------------- 각 계정별 설정 확인 ------------- 패스워드 최대 사용기간 90일을 초과하는 계정이 존재하지 않음 | L24: =IF(J24="N",ChkList!G9,"") | M24: =IF($J24="N/A",0,VLOOKUP($I24,ChkList!$A$47:$B$49,2,FALSE))*1 -> 2 | N24: =IFERROR(VLOOKUP($I24,ChkList!$A$47:$B$49,2,FALSE)*VLOOKUP($J24,ChkList!$A$52:$B$54,2,FALSE),0) -> 2
B25: U1-05 | C25: =ChkList!$B10 -> U-05 | D25: =ChkList!$C10 -> 패스워드 파일 보호 | I25: =ChkList!$D10 -> H | J25: =IF(IFERROR(FIND("[양호]",LEFT(K25,5)),0),"Y",IF(IFERROR(FIND("[취약]",LEFT(K25,5)),0),"N",IF(IFERROR(FIND("[N/A]",LEFT(K25,5)),0),"N/A","인터뷰"))) -> Y | K25: [양호] shadow 파일에 패스워드를 저장하고 있으므로 양호함 [현황] ------------- ls -alL /etc/shadow ------------- -r-------- 1 root root 985 Nov 15 15:38 /etc/shadow | L25: =IF(J25="N",ChkList!G10,"") | M25: =IF($J25="N/A",0,VLOOKUP($I25,ChkList!$A$47:$B$49,2,FALSE))*1 -> 3 | N25: =IFERROR(VLOOKUP($I25,ChkList!$A$47:$B$49,2,FALSE)*VLOOKUP($J25,ChkList!$A$52:$B$54,2,FALSE),0) -> 3
A26: =$A$13 -> U2 | C26: =VLOOKUP($A13,ChkList!$A$5:$B$44,2,FALSE) -> 파일 및 디렉토리 관리
B27: U2-01 | C27: =ChkList!$B12 -> U-06 | D27: =ChkList!$C12 -> root 홈, 패스 디렉터리 권한 및 패스 설정 | I27: =ChkList!$D12 -> H | J27: =IF(IFERROR(FIND("[양호]",LEFT(K27,5)),0),"Y",IF(IFERROR(FIND("[취약]",LEFT(K27,5)),0),"N",IF(IFERROR(FIND("[N/A]",LEFT(K27,5)),0),"N/A","인터뷰"))) -> Y | K27: [양호] PATH 설정에 '.' or '..'이 포함되어 있지 않으므로 양호함 [현황] ------------- PATH 환경변수 ------------- /usr/local/sbin:/usr/local/bin:/sbin:/bin:/usr/sbin:/usr/bin:/root/bin:/usr/lib/oracle:/home/ngs/ngs_bin | L27: =IF(J27="N",ChkList!G12,"") | M27: =IF($J27="N/A",0,VLOOKUP($I27,ChkList!$A$47:$B$49,2,FALSE))*1 -> 3 | N27: =IFERROR(VLOOKUP($I27,ChkList!$A$47:$B$49,2,FALSE)*VLOOKUP($J27,ChkList!$A$52:$B$54,2,FALSE),0) -> 3
B28: U2-02 | C28: =ChkList!$B13 -> U-07 | D28: =ChkList!$C13 -> 파일 및 디렉터리 소유자 설정 | I28: =ChkList!$D13 -> H | J28: =IF(IFERROR(FIND("[양호]",LEFT(K28,5)),0),"Y",IF(IFERROR(FIND("[취약]",LEFT(K28,5)),0),"N",IF(IFERROR(FIND("[N/A]",LEFT(K28,5)),0),"N/A","인터뷰"))) -> Y | K28: [양호] 소유자가 그룹이 존재하지 않는 파일 및 디렉터리가 존재하지 않으므로 양호힘 [현황] ------------- 소유자나 그룹이 존재하지 않는 파일 및 디렉터리 확인 ------------- 해당사항 없음 | L28: =IF(J28="N",ChkList!G13,"") | M28: =IF($J28="N/A",0,VLOOKUP($I28,ChkList!$A$47:$B$49,2,FALSE))*1 -> 3 | N28: =IFERROR(VLOOKUP($I28,ChkList!$A$47:$B$49,2,FALSE)*VLOOKUP($J28,ChkList!$A$52:$B$54,2,FALSE),0) -> 3
B29: U2-03 | C29: =ChkList!$B14 -> U-08 | D29: =ChkList!$C14 -> /etc/passwd 파일 소유자 및 권한 설정 | I29: =ChkList!$D14 -> H | J29: =IF(IFERROR(FIND("[양호]",LEFT(K29,5)),0),"Y",IF(IFERROR(FIND("[취약]",LEFT(K29,5)),0),"N",IF(IFERROR(FIND("[N/A]",LEFT(K29,5)),0),"N/A","인터뷰"))) -> Y | K29: [양호] /etc/passwd 파일의 퍼미션이 644이하이므로 양호함 [현황] ------------- /etc/passwd 파일 소유자 및 권한 확인 ------------- -rw-r--r-- 1 root root 1336 Nov 15 15:31 /etc/passwd | L29: =IF(J29="N",ChkList!G14,"") | M29: =IF($J29="N/A",0,VLOOKUP($I29,ChkList!$A$47:$B$49,2,FALSE))*1 -> 3 | N29: =IFERROR(VLOOKUP($I29,ChkList!$A$47:$B$49,2,FALSE)*VLOOKUP($J29,ChkList!$A$52:$B$54,2,FALSE),0) -> 3
B30: U2-04 | C30: =ChkList!$B15 -> U-09 | D30: =ChkList!$C15 -> /etc/shadow 파일 소유자 및 권한 설정 | I30: =ChkList!$D15 -> H | J30: =IF(IFERROR(FIND("[양호]",LEFT(K30,5)),0),"Y",IF(IFERROR(FIND("[취약]",LEFT(K30,5)),0),"N",IF(IFERROR(FIND("[N/A]",LEFT(K30,5)),0),"N/A","인터뷰"))) -> Y | K30: [양호] /etc/shadow 파일의 퍼미션이 400이하이므로 양호함 [현황] ------------- /etc/shadow 파일 소유자 및 권한 확인 ------------- -r-------- 1 root root 985 Nov 15 15:38 /etc/shadow | L30: =IF(J30="N",ChkList!G15,"") | M30: =IF($J30="N/A",0,VLOOKUP($I30,ChkList!$A$47:$B$49,2,FALSE))*1 -> 3 | N30: =IFERROR(VLOOKUP($I30,ChkList!$A$47:$B$49,2,FALSE)*VLOOKUP($J30,ChkList!$A$52:$B$54,2,FALSE),0) -> 3
B31: U2-05 | C31: =ChkList!$B16 -> U-10 | D31: =ChkList!$C16 -> /etc/hosts 파일 소유자 및 권한 설정 | I31: =ChkList!$D16 -> H | J31: =IF(IFERROR(FIND("[양호]",LEFT(K31,5)),0),"Y",IF(IFERROR(FIND("[취약]",LEFT(K31,5)),0),"N",IF(IFERROR(FIND("[N/A]",LEFT(K31,5)),0),"N/A","인터뷰"))) -> Y | K31: [양호] /etc/hosts 파일의 퍼미션이 644이하이므로 양호함 [현황] ------------- /etc/hosts 파일 소유자 및 권한 확인 ------------- -rw-r--r--. 1 root root 158 Jun 7 2013 /etc/hosts | L31: =IF(J31="N",ChkList!G16,"") | M31: =IF($J31="N/A",0,VLOOKUP($I31,ChkList!$A$47:$B$49,2,FALSE))*1 -> 3 | N31: =IFERROR(VLOOKUP($I31,ChkList!$A$47:$B$49,2,FALSE)*VLOOKUP($J31,ChkList!$A$52:$B$54,2,FALSE),0) -> 3
B32: U2-06 | C32: =ChkList!$B17 -> U-11 | D32: =ChkList!$C17 -> /etc/(x)inetd.conf 파일 소유자 및 권한 설정 | I32: =ChkList!$D17 -> H | J32: =IF(IFERROR(FIND("[양호]",LEFT(K32,5)),0),"Y",IF(IFERROR(FIND("[취약]",LEFT(K32,5)),0),"N",IF(IFERROR(FIND("[N/A]",LEFT(K32,5)),0),"N/A","인터뷰"))) -> Y | K32: [양호] /etc/(x)inetd.conf 파일이 존재하지 않으므로 양호처리 함 | L32: =IF(J32="N",ChkList!G17,"") | M32: =IF($J32="N/A",0,VLOOKUP($I32,ChkList!$A$47:$B$49,2,FALSE))*1 -> 3 | N32: =IFERROR(VLOOKUP($I32,ChkList!$A$47:$B$49,2,FALSE)*VLOOKUP($J32,ChkList!$A$52:$B$54,2,FALSE),0) -> 3
B33: U2-07 | C33: =ChkList!$B18 -> U-12 | D33: =ChkList!$C18 -> /etc/syslog.conf 파일 소유자 및 권한 설정 | I33: =ChkList!$D18 -> H | J33: =IF(IFERROR(FIND("[양호]",LEFT(K33,5)),0),"Y",IF(IFERROR(FIND("[취약]",LEFT(K33,5)),0),"N",IF(IFERROR(FIND("[N/A]",LEFT(K33,5)),0),"N/A","인터뷰"))) -> Y | K33: [양호] /etc/rsyslog.conf 파일의 퍼미션이 644이하이므로 양호 [현황] ------------- /etc/rsyslog.conf 파일 소유자 및 권한 설정 ------------- -rw-r--r-- 1 root root 3232 Jan 14 2022 /etc/rsyslog.conf | L33: =IF(J33="N",ChkList!G18,"") | M33: =IF($J33="N/A",0,VLOOKUP($I33,ChkList!$A$47:$B$49,2,FALSE))*1 -> 3 | N33: =IFERROR(VLOOKUP($I33,ChkList!$A$47:$B$49,2,FALSE)*VLOOKUP($J33,ChkList!$A$52:$B$54,2,FALSE),0) -> 3
B34: U2-08 | C34: =ChkList!$B19 -> U-13 | D34: =ChkList!$C19 -> /etc/services 파일 소유자 및 권한 설정 | I34: =ChkList!$D19 -> H | J34: =IF(IFERROR(FIND("[양호]",LEFT(K34,5)),0),"Y",IF(IFERROR(FIND("[취약]",LEFT(K34,5)),0),"N",IF(IFERROR(FIND("[N/A]",LEFT(K34,5)),0),"N/A","인터뷰"))) -> Y | K34: [양호] /etc/services 파일의 퍼미션이 644이하이므로 양호함 [현황] ------------- /etc/services 파일 소유자 및 권한 확인 ------------- -rw-r--r--. 1 root root 670293 Jun 7 2013 /etc/services | L34: =IF(J34="N",ChkList!G19,"") | M34: =IF($J34="N/A",0,VLOOKUP($I34,ChkList!$A$47:$B$49,2,FALSE))*1 -> 3 | N34: =IFERROR(VLOOKUP($I34,ChkList!$A$47:$B$49,2,FALSE)*VLOOKUP($J34,ChkList!$A$52:$B$54,2,FALSE),0) -> 3
B35: U2-09 | C35: =ChkList!$B20 -> U-14 | D35: =ChkList!$C20 -> SUID, SGID, Sticky bit 설정 파일 점검 | I35: =ChkList!$D20 -> H | J35: =IF(IFERROR(FIND("[양호]",LEFT(K35,5)),0),"Y",IF(IFERROR(FIND("[취약]",LEFT(K35,5)),0),"N",IF(IFERROR(FIND("[N/A]",LEFT(K35,5)),0),"N/A","인터뷰"))) -> Y | K35: [양호] 주요 파일의 권한에 SUID/SGID에 대한 설정이 부여되어 있지 않으므로 양호힘 [현황] ------------- 주요 파일의 SUID/SGID 설정 확인 ------------- SUID/SGID가 설정된 주요파일이 존재하지 않음 | L35: =IF(J35="N",ChkList!G20,"") | M35: =IF($J35="N/A",0,VLOOKUP($I35,ChkList!$A$47:$B$49,2,FALSE))*1 -> 3 | N35: =IFERROR(VLOOKUP($I35,ChkList!$A$47:$B$49,2,FALSE)*VLOOKUP($J35,ChkList!$A$52:$B$54,2,FALSE),0) -> 3
B36: U2-10 | C36: =ChkList!$B21 -> U-15 | D36: =ChkList!$C21 -> 사용자, 시스템 시작파일 및 환경파일 소유자 및 권한 설정 | I36: =ChkList!$D21 -> H | J36: =IF(IFERROR(FIND("[양호]",LEFT(K36,5)),0),"Y",IF(IFERROR(FIND("[취약]",LEFT(K36,5)),0),"N",IF(IFERROR(FIND("[N/A]",LEFT(K36,5)),0),"N/A","인터뷰"))) -> Y | K36: [양호] 사용자 환경변수 파일의 권한이 644이하이므로 양호함 [현황] ------------- 나. 사용자 환경변수 파일의 권한 확인 ------------- -rw-r--r-- 1 ngs ngs 2403 Jan 26 2023 /home/ngs/.bash_profile -rw-r--r-- 1 ngs ngs 231 Apr 1 2020 /home/ngs/.bashrc -rw------- 1 ngs ngs 0 Sep 4 16:56 /home/ngs/.bash_history -rw-r--r-- 1 idt_parkyk idt_parkyk 193 Nov 25 2021 /home1/idt_parkyk/.bash_profile -rw-r--r-- 1 idt_parkyk idt_parkyk 231 Nov 25 2021 /home1/idt_parkyk/.bashrc -rw------- 1 idt_parkyk idt_parkyk 0 Nov 15 15:32 /home1/idt_parkyk/.bash_history -rw-r--r--. 1 nbpmon nbpmon 193 Apr 1 2020 /home1/nbpmon/.bash_profile -rw-r--r--. 1 nbpmon nbpmon 231 Apr 1 2020 /home1/nbpmon/.bashrc -rw-r--r--. 1 ncloud nbpmon 193 Apr 1 2020 /home1/ncloud/.bash_profile -rw-r--r--. 1 ncloud nbpmon 231 Apr 1 2020 /home1/ncloud/.bashrc -rw------- 1 ncloud ncloud 0 Nov 17 11:01 /home1/ncloud/.bash_history -rw-r--r--. 1 root root 100 Dec 29 2013 /root/.cshrc -rw-r--r--. 1 root root 2404 Jan 26 2023 /root/.bash_profile -rw-r--r--. 1 root root 176 Dec 29 2013 /root/.bashrc -rw-------. 1 root root 0 Nov 17 10:59 /root/.bash_history | L36: =IF(J36="N",ChkList!G21,"") | M36: =IF($J36="N/A",0,VLOOKUP($I36,ChkList!$A$47:$B$49,2,FALSE))*1 -> 3 | N36: =IFERROR(VLOOKUP($I36,ChkList!$A$47:$B$49,2,FALSE)*VLOOKUP($J36,ChkList!$A$52:$B$54,2,FALSE),0) -> 3
B37: U2-11 | C37: =ChkList!$B22 -> U-16 | D37: =ChkList!$C22 -> world writable 파일 점검 | I37: =ChkList!$D22 -> H | J37: =IF(IFERROR(FIND("[양호]",LEFT(K37,5)),0),"Y",IF(IFERROR(FIND("[취약]",LEFT(K37,5)),0),"N",IF(IFERROR(FIND("[N/A]",LEFT(K37,5)),0),"N/A","인터뷰"))) -> Y | K37: [양호] world writable 파일이 존재하지 않으므로 양호힘 [현황] ------------- world writable 파일목록 ------------- | L37: =IF(J37="N",ChkList!G22,"") | M37: =IF($J37="N/A",0,VLOOKUP($I37,ChkList!$A$47:$B$49,2,FALSE))*1 -> 3 | N37: =IFERROR(VLOOKUP($I37,ChkList!$A$47:$B$49,2,FALSE)*VLOOKUP($J37,ChkList!$A$52:$B$54,2,FALSE),0) -> 3
B38: U2-13 | C38: =ChkList!$B23 -> U-17 | D38: =ChkList!$C23 -> $HOME/.rhosts, hosts.equiv 사용 금지 | I38: =ChkList!$D23 -> H | J38: =IF(IFERROR(FIND("[양호]",LEFT(K38,5)),0),"Y",IF(IFERROR(FIND("[취약]",LEFT(K38,5)),0),"N",IF(IFERROR(FIND("[N/A]",LEFT(K38,5)),0),"N/A","인터뷰"))) -> Y | K38: [양호] R 서비스가 동작중이 아니므로 양호함 [현황] ------------- # 동작중인 R 서비스 ------------- 동작중인 R 서비스가 존재하지 않음 | L38: =IF(J38="N",ChkList!G23,"") | M38: =IF($J38="N/A",0,VLOOKUP($I38,ChkList!$A$47:$B$49,2,FALSE))*1 -> 3 | N38: =IFERROR(VLOOKUP($I38,ChkList!$A$47:$B$49,2,FALSE)*VLOOKUP($J38,ChkList!$A$52:$B$54,2,FALSE),0) -> 3
... B40: U2-15 | C40: =ChkList!$B25 -> U-19 | D40: =ChkList!$C25 -> cron 파일 소유자 및 권한 설정 | I40: =ChkList!$D25 -> H | J40: =IF(IFERROR(FIND("[양호]",LEFT(K40,5)),0),"Y",IF(IFERROR(FIND("[취약]",LEFT(K40,5)),0),"N",IF(IFERROR(FIND("[N/A]",LEFT(K40,5)),0),"N/A","인터뷰"))) -> Y | K40: [양호] cron 파일의 소유자가 root이고 접근권한이 640이하이므로 양호함 [현황] ------------- /etc/cron.allow 파일 ------------- /etc/cron.allow 파일이 존재하지 않음 ------------- /etc/cron.deny 파일 ------------- -rw------- 1 root root 0 May 16 2023 /etc/cron.deny | L40: =IF(J40="N",ChkList!G25,"") | M40: =IF($J40="N/A",0,VLOOKUP($I40,ChkList!$A$47:$B$49,2,FALSE))*1 -> 3 | N40: =IFERROR(VLOOKUP($I40,ChkList!$A$47:$B$49,2,FALSE)*VLOOKUP($J40,ChkList!$A$52:$B$54,2,FALSE),0) -> 3
A41: =$A$14 -> U3 | C41: =VLOOKUP($A14,ChkList!$A$5:$B$44,2,FALSE) -> 서비스 관리
B42: U3-01 | C42: =ChkList!$B27 -> U-20 | D42: =ChkList!$C27 -> Finger 서비스 비활성화 | I42: =ChkList!$D27 -> H | J42: =IF(IFERROR(FIND("[양호]",LEFT(K42,5)),0),"Y",IF(IFERROR(FIND("[취약]",LEFT(K42,5)),0),"N",IF(IFERROR(FIND("[N/A]",LEFT(K42,5)),0),"N/A","인터뷰"))) -> Y | K42: [양호] 현재 finger 서비스가 동작하지 않으므로 양호함 | L42: =IF(J42="N",ChkList!G27,"") | M42: =IF($J42="N/A",0,VLOOKUP($I42,ChkList!$A$47:$B$49,2,FALSE))*1 -> 3 | N42: =IFERROR(VLOOKUP($I42,ChkList!$A$47:$B$49,2,FALSE)*VLOOKUP($J42,ChkList!$A$52:$B$54,2,FALSE),0) -> 3
B43: U3-02 | C43: =ChkList!$B28 -> U-21 | D43: =ChkList!$C28 -> Anonymous FTP 비활성화 | I43: =ChkList!$D28 -> H | J43: =IF(IFERROR(FIND("[양호]",LEFT(K43,5)),0),"Y",IF(IFERROR(FIND("[취약]",LEFT(K43,5)),0),"N",IF(IFERROR(FIND("[N/A]",LEFT(K43,5)),0),"N/A","인터뷰"))) -> N | K43: [취약] FTP 서비스가 동작중이고, Anonymous FTP 비활성화 되어 있지 않으므로 취약함 [현황] ------------- # ps -ef | grep ftp ------------- ngs 2428 1 0 Sep04 ? 00:00:00 ngs_ftp ngs 2430 2428 0 Sep04 ? 04:53:52 ngs_ftp root 43073 42487 0 11:18 pts/1 00:00:00 grep ftp ------------- # cat /etc/passwd | grep ftp ------------- ------------- # cat /etc/vsftpd/vsftpd.conf | grep anonymous_enable ------------- /etc/vsftpd/vsftpd.conf 파일이 존재하지 않음 ------------- # cat /etc/vsftpd.conf ------------- /etc/vsftpd.conf 파일이 존재하지 않음 | L43: =IF(J43="N",ChkList!G28,"") -> [Default FTP를 사용하는 경우] 1. ftp 계정 삭제 # userdel ftp //Linux, HP-UX, Solaris에서 ftp 계정 삭제 # rmuser ftp //AIX에서 ftp 계정 삭제 [proftpd 를 사용하는 경우] 1. proftpd.conf 파일에서 <Anonymous ~ ftp> 부분의 UserAlias 항목 주석("#") 처리 # cat etc/proftpd/proftpd.conf #UserAlias anonymous ftp [vsftpd 를 사용하는 경우] 1. vsftpd.conf 파일에서 anonymous_enable 값을 No 로 설정 # vi etc/vsftpd/vsftpd.conf anonymous_enalble = No | M43: =IF($J43="N/A",0,VLOOKUP($I43,ChkList!$A$47:$B$49,2,FALSE))*1 -> 3 | N43: =IFERROR(VLOOKUP($I43,ChkList!$A$47:$B$49,2,FALSE)*VLOOKUP($J43,ChkList!$A$52:$B$54,2,FALSE),0) -> 0
B44: U3-03 | C44: =ChkList!$B29 -> U-22 | D44: =ChkList!$C29 -> r 계열 서비스 비활성화 | I44: =ChkList!$D29 -> H | J44: =IF(IFERROR(FIND("[양호]",LEFT(K44,5)),0),"Y",IF(IFERROR(FIND("[취약]",LEFT(K44,5)),0),"N",IF(IFERROR(FIND("[N/A]",LEFT(K44,5)),0),"N/A","인터뷰"))) -> Y | K44: [양호] 현재 rsh, rlogin, rexec 서비스가 동작하지 않으므로 양호함 | L44: =IF(J44="N",ChkList!G29,"") | M44: =IF($J44="N/A",0,VLOOKUP($I44,ChkList!$A$47:$B$49,2,FALSE))*1 -> 3 | N44: =IFERROR(VLOOKUP($I44,ChkList!$A$47:$B$49,2,FALSE)*VLOOKUP($J44,ChkList!$A$52:$B$54,2,FALSE),0) -> 3
B45: U3-05 | C45: =ChkList!$B30 -> U-23 | D45: =ChkList!$C30 -> DoS 공격에 취약한 서비스 비활성화 | I45: =ChkList!$D30 -> H | J45: =IF(IFERROR(FIND("[양호]",LEFT(K45,5)),0),"Y",IF(IFERROR(FIND("[취약]",LEFT(K45,5)),0),"N",IF(IFERROR(FIND("[N/A]",LEFT(K45,5)),0),"N/A","인터뷰"))) -> Y | K45: [양호] echo, discard, daytime, chargen 서비스가 동작하지 않으므로 양호함 | L45: =IF(J45="N",ChkList!G30,"") | M45: =IF($J45="N/A",0,VLOOKUP($I45,ChkList!$A$47:$B$49,2,FALSE))*1 -> 3 | N45: =IFERROR(VLOOKUP($I45,ChkList!$A$47:$B$49,2,FALSE)*VLOOKUP($J45,ChkList!$A$52:$B$54,2,FALSE),0) -> 3
B46: U3-06 | C46: =ChkList!$B31 -> U-24 | D46: =ChkList!$C31 -> NFS 서비스 비활성화 | I46: =ChkList!$D31 -> H | J46: =IF(IFERROR(FIND("[양호]",LEFT(K46,5)),0),"Y",IF(IFERROR(FIND("[취약]",LEFT(K46,5)),0),"N",IF(IFERROR(FIND("[N/A]",LEFT(K46,5)),0),"N/A","인터뷰"))) -> Y | K46: [양호] 현재 NFS 서비스가 동작하지 않으므로 양호험 | L46: =IF(J46="N",ChkList!G31,"") | M46: =IF($J46="N/A",0,VLOOKUP($I46,ChkList!$A$47:$B$49,2,FALSE))*1 -> 3 | N46: =IFERROR(VLOOKUP($I46,ChkList!$A$47:$B$49,2,FALSE)*VLOOKUP($J46,ChkList!$A$52:$B$54,2,FALSE),0) -> 3
B47: U3-07 | C47: =ChkList!$B32 -> U-25 | D47: =ChkList!$C32 -> NFS 접근통제 | I47: =ChkList!$D32 -> H | J47: =IF(IFERROR(FIND("[양호]",LEFT(K47,5)),0),"Y",IF(IFERROR(FIND("[취약]",LEFT(K47,5)),0),"N",IF(IFERROR(FIND("[N/A]",LEFT(K47,5)),0),"N/A","인터뷰"))) -> Y | K47: [양호] NFS 서비스가 비활성화되어 있으므로 양호처리 함 | L47: =IF(J47="N",ChkList!G32,"") | M47: =IF($J47="N/A",0,VLOOKUP($I47,ChkList!$A$47:$B$49,2,FALSE))*1 -> 3 | N47: =IFERROR(VLOOKUP($I47,ChkList!$A$47:$B$49,2,FALSE)*VLOOKUP($J47,ChkList!$A$52:$B$54,2,FALSE),0) -> 3
B48: U3-08 | C48: =ChkList!$B33 -> U-26 | D48: =ChkList!$C33 -> automountd 제거 | I48: =ChkList!$D33 -> H | J48: =IF(IFERROR(FIND("[양호]",LEFT(K48,5)),0),"Y",IF(IFERROR(FIND("[취약]",LEFT(K48,5)),0),"N",IF(IFERROR(FIND("[N/A]",LEFT(K48,5)),0),"N/A","인터뷰"))) -> Y | K48: [양호] automount 데몬이 동작중이지 않으므로 양호함 | L48: =IF(J48="N",ChkList!G33,"") | M48: =IF($J48="N/A",0,VLOOKUP($I48,ChkList!$A$47:$B$49,2,FALSE))*1 -> 3 | N48: =IFERROR(VLOOKUP($I48,ChkList!$A$47:$B$49,2,FALSE)*VLOOKUP($J48,ChkList!$A$52:$B$54,2,FALSE),0) -> 3
B49: U3-09 | C49: =ChkList!$B34 -> U-27 | D49: =ChkList!$C34 -> RPC 서비스 확인 | I49: =ChkList!$D34 -> H | J49: =IF(IFERROR(FIND("[양호]",LEFT(K49,5)),0),"Y",IF(IFERROR(FIND("[취약]",LEFT(K49,5)),0),"N",IF(IFERROR(FIND("[N/A]",LEFT(K49,5)),0),"N/A","인터뷰"))) -> Y | K49: [양호] 현재 RPC 서비스가 동작하지 않으므로 양호함 | L49: =IF(J49="N",ChkList!G34,"") | M49: =IF($J49="N/A",0,VLOOKUP($I49,ChkList!$A$47:$B$49,2,FALSE))*1 -> 3 | N49: =IFERROR(VLOOKUP($I49,ChkList!$A$47:$B$49,2,FALSE)*VLOOKUP($J49,ChkList!$A$52:$B$54,2,FALSE),0) -> 3
B50: U3-10 | C50: =ChkList!$B35 -> U-28 | D50: =ChkList!$C35 -> NIS, NIS+ 점검 | I50: =ChkList!$D35 -> H | J50: =IF(IFERROR(FIND("[양호]",LEFT(K50,5)),0),"Y",IF(IFERROR(FIND("[취약]",LEFT(K50,5)),0),"N",IF(IFERROR(FIND("[N/A]",LEFT(K50,5)),0),"N/A","인터뷰"))) -> Y | K50: [양호] NIS , NIS+ 서비스가 동작중이지 않으므로 양호함 | L50: =IF(J50="N",ChkList!G35,"") | M50: =IF($J50="N/A",0,VLOOKUP($I50,ChkList!$A$47:$B$49,2,FALSE))*1 -> 3 | N50: =IFERROR(VLOOKUP($I50,ChkList!$A$47:$B$49,2,FALSE)*VLOOKUP($J50,ChkList!$A$52:$B$54,2,FALSE),0) -> 3
B51: U3-11 | C51: =ChkList!$B36 -> U-29 | D51: =ChkList!$C36 -> tftp, talk 서비스 비활성화 | I51: =ChkList!$D36 -> H | J51: =IF(IFERROR(FIND("[양호]",LEFT(K51,5)),0),"Y",IF(IFERROR(FIND("[취약]",LEFT(K51,5)),0),"N",IF(IFERROR(FIND("[N/A]",LEFT(K51,5)),0),"N/A","인터뷰"))) -> Y | K51: [양호] tftp, talk 서비스가 동작하지 않으므로 양호함 | L51: =IF(J51="N",ChkList!G36,"") | M51: =IF($J51="N/A",0,VLOOKUP($I51,ChkList!$A$47:$B$49,2,FALSE))*1 -> 3 | N51: =IFERROR(VLOOKUP($I51,ChkList!$A$47:$B$49,2,FALSE)*VLOOKUP($J51,ChkList!$A$52:$B$54,2,FALSE),0) -> 3
B52: U3-12 | C52: =ChkList!$B37 -> U-30 | D52: =ChkList!$C37 -> Sendmail 버전 점검 | I52: =ChkList!$D37 -> H | J52: =IF(IFERROR(FIND("[양호]",LEFT(K52,5)),0),"Y",IF(IFERROR(FIND("[취약]",LEFT(K52,5)),0),"N",IF(IFERROR(FIND("[N/A]",LEFT(K52,5)),0),"N/A","인터뷰"))) -> Y | K52: [양호] Sendmail 서비스가 동작중이지 않으므로 양호함 | L52: =IF(J52="N",ChkList!G37,"") | M52: =IF($J52="N/A",0,VLOOKUP($I52,ChkList!$A$47:$B$49,2,FALSE))*1 -> 3 | N52: =IFERROR(VLOOKUP($I52,ChkList!$A$47:$B$49,2,FALSE)*VLOOKUP($J52,ChkList!$A$52:$B$54,2,FALSE),0) -> 3
B53: U3-13 | C53: =ChkList!$B38 -> U-31 | D53: =ChkList!$C38 -> 스팸 메일 릴레이 제한 | I53: =ChkList!$D38 -> H | J53: =IF(IFERROR(FIND("[양호]",LEFT(K53,5)),0),"Y",IF(IFERROR(FIND("[취약]",LEFT(K53,5)),0),"N",IF(IFERROR(FIND("[N/A]",LEFT(K53,5)),0),"N/A","인터뷰"))) -> Y | K53: [양호] Sendmail 서비스가 동작중이지 않으므로 양호함 | L53: =IF(J53="N",ChkList!G38,"") | M53: =IF($J53="N/A",0,VLOOKUP($I53,ChkList!$A$47:$B$49,2,FALSE))*1 -> 3 | N53: =IFERROR(VLOOKUP($I53,ChkList!$A$47:$B$49,2,FALSE)*VLOOKUP($J53,ChkList!$A$52:$B$54,2,FALSE),0) -> 3
... B56: U3-16 | C56: =ChkList!$B41 -> U-34 | D56: =ChkList!$C41 -> DNS ZoneTransfer 설정 | I56: =ChkList!$D41 -> H | J56: =IF(IFERROR(FIND("[양호]",LEFT(K56,5)),0),"Y",IF(IFERROR(FIND("[취약]",LEFT(K56,5)),0),"N",IF(IFERROR(FIND("[N/A]",LEFT(K56,5)),0),"N/A","인터뷰"))) -> Y | K56: [양호] DNS 서비스를 사용하지 않으므로 양호함 | L56: =IF(J56="N",ChkList!G41,"") | M56: =IF($J56="N/A",0,VLOOKUP($I56,ChkList!$A$47:$B$49,2,FALSE))*1 -> 3 | N56: =IFERROR(VLOOKUP($I56,ChkList!$A$47:$B$49,2,FALSE)*VLOOKUP($J56,ChkList!$A$52:$B$54,2,FALSE),0) -> 3
A57: =$A$15 -> U4 | C57: =VLOOKUP($A15,ChkList!$A$5:$B$44,2,FALSE) -> 패치 및 로그관리
B58: U4-01 | C58: =ChkList!$B43 -> U-35 | D58: =ChkList!$C43 -> 최신 보안패치 및 벤더 권고사항 적용 | I58: =ChkList!$D43 -> H | J58: =IF(IFERROR(FIND("[양호]",LEFT(K58,5)),0),"Y",IF(IFERROR(FIND("[취약]",LEFT(K58,5)),0),"N",IF(IFERROR(FIND("[N/A]",LEFT(K58,5)),0),"N/A","인터뷰"))) -> N | K58: [취약] 최신 보안 패치가 적용되지 않았으므로 취약함 [현황] ------------- Linux Version ------------- CentOS Linux release 7.9.2009 (Core) NAME="CentOS Linux" VERSION="7 (Core)" ID="centos" ID_LIKE="rhel fedora" VERSION_ID="7" PRETTY_NAME="CentOS Linux 7 (Core)" ANSI_COLOR="0;31" CPE_NAME="cpe:/o:centos:centos:7" HOME_URL="https://www.centos.org/" BUG_REPORT_URL="https://bugs.centos.org/" CENTOS_MANTISBT_PROJECT="CentOS-7" CENTOS_MANTISBT_PROJECT_VERSION="7" REDHAT_SUPPORT_PRODUCT="centos" REDHAT_SUPPORT_PRODUCT_VERSION="7" CentOS Linux release 7.9.2009 (Core) CentOS Linux release 7.9.2009 (Core) ------------- Kernel Version ------------- 3.10.0-1160.95.1.el7.x86_64 *3.10.0-1160.105.1.el7 이상 버전 권고(CVE-2023-3611, CVE-2023-3776, CVE-2023-4128) | L58: =IF(J58="N",ChkList!G43,"") -> ※ 설정 기준 권고 (또는 정책기준) 1. 보안 취약점이 발표되면 시스템 영향도를 평가하고, 긴급 대응책 및 중장기 대응책을 마련하여 계획과 허가에 의해 대응하는 것이 좋다. 2. 패치를 수행할 시 시스템의 영향도에 따라 패치를 차등 수행하도록 한다. 3. 시스템 운영에 영향을 주지 않는 범위 내에서 주기적으로 패치를 수행할 것을 권고함 | M58: =IF($J58="N/A",0,VLOOKUP($I58,ChkList!$A$47:$B$49,2,FALSE))*1 -> 3 | N58: =IFERROR(VLOOKUP($I58,ChkList!$A$47:$B$49,2,FALSE)*VLOOKUP($J58,ChkList!$A$52:$B$54,2,FALSE),0) -> 0
B59: U4-02 | C59: =ChkList!$B44 -> U-36 | D59: =ChkList!$C44 -> 로그의 정기적 검토 및 보고 | I59: =ChkList!$D44 -> H | J59: =IF(IFERROR(FIND("[양호]",LEFT(K59,5)),0),"Y",IF(IFERROR(FIND("[취약]",LEFT(K59,5)),0),"N",IF(IFERROR(FIND("[N/A]",LEFT(K59,5)),0),"N/A","인터뷰"))) -> N | K59: [취약] 로그를 정기적으로 검토 및 보고를 하고 있지 않으므로 취약함 [현황] 현재 로그 검토 및 보고 매커니즘이 설정되어 있지 않음 | L59: =IF(J59="N",ChkList!G44,"") -> ※ 로그파일에는 해킹의 흔적들이 남겨져 있을 수 있으므로, 다음과 같이 로그 파일의 백업에 대한 검토를 해야 함. 1. su 시도에 관한 로그 2. 반복적인 로그인 실패에 관한 로그 3. 로그인 거부 메세지에 관한 로그 4. 기본적 log 파일의 위치는 /var/adm, /var/log ※ 커널과 시스템에 관련된 로그 메시지들은 syslogd와 klogd 두개의 데몬에 의해서 /var/log/messages에 기록하게 됨. 이 파일을 분석함으로써 시스템을 항상 점검 관리해야 함. | M59: =IF($J59="N/A",0,VLOOKUP($I59,ChkList!$A$47:$B$49,2,FALSE))*1 -> 3 | N59: =IFERROR(VLOOKUP($I59,ChkList!$A$47:$B$49,2,FALSE)*VLOOKUP($J59,ChkList!$A$52:$B$54,2,FALSE),0) -> 0

Sheet U_004
A1: 장비별 상세 점검결과
A3: 1) 시스템 현황
A4: No | E4: =RIGHT(CELL("filename",E4),LEN(CELL("filename",E4))-FIND("]",CELL("filename",E4))) -> U_004 | G4: 호스트명 | I4: =IFERROR(VLOOKUP($E$4,자산목록!$A$1:$I$844,2,FALSE),"N/A") -> idt-gov-pool3-w-155j
A5: SW 버전 | E5: =IFERROR(VLOOKUP($E$4,자산목록!$A$1:$I$851,4,FALSE),"N/A") & " " & IFERROR(VLOOKUP($E$4,자산목록!$A$1:$I$851,5,FALSE),"N/A") -> Ubuntu 20.04 | G5: IP | I5: =IFERROR(VLOOKUP($E$4,자산목록!$A$1:$I$844,3,FALSE),"N/A") -> 10.0.3.11
A6: 변경 SW 버전 | E6: =IFERROR(VLOOKUP($E$4,자산목록!$A$1:$I$844,6,FALSE),"N/A") -> - | G6: 담당자 | I6: =IFERROR(VLOOKUP($E$4,자산목록!$A$1:$I$844,9,FALSE),"N/A") -> 박영규
A8: 2) 점검 결과
A9: ① 부분별 점검 결과
A10: 분류 | E10: 항목 통계 | H10: 점검 점수
E11: 전체 | F11: 점검 | G11: 양호 | H11: 전체 | I11: 평가 | J11: 수준
A12: U1 | C12: =VLOOKUP($A12,ChkList!$A$5:$B$44,2,FALSE) -> 계정 관리 | E12: =COUNTIF($B$21:INDIRECT(ADDRESS(MATCH("",$B:$B,-1),2,1,1)),$A12&"*") -> 5 | F12: =$E12-COUNTIFS($B$21:INDIRECT(ADDRESS(MATCH("",$B:$B,-1),2,1,1)),$A12&"*",$J$21:INDIRECT(ADDRESS(MATCH("",$B:$B,-1),10,1,1)),"N/A") -> 5 | G12: =COUNTIFS($B$21:INDIRECT(ADDRESS(MATCH("",$B:$B,-1),2,1,1)),$A12&"*",$J$21:INDIRECT(ADDRESS(MATCH("",$B:$B,-1),10,1,1)),"Y") -> 3 | H12: =SUMIF($B$21:INDIRECT(ADDRESS(MATCH("",$B:$B,-1),2,1,1)),$A12&"*",$M$21:INDIRECT(ADDRESS(MATCH("",$B:$B,-1),13,1,1))) -> 14 | I12: =SUMIF($B$21:INDIRECT(ADDRESS(MATCH("",$B:$B,-1),2,1,1)),$A12&"*",$N$21:INDIRECT(ADDRESS(MATCH("",$B:$B,-1),14,1,1))) -> 9 | J12: =IF(F12=0, "N/A", (I12/H12)) -> 0.64285714
A13: U2 | C13: =VLOOKUP($A13,ChkList!$A$5:$B$44,2,FALSE) -> 파일 및 디렉토리 관리 | E13: =COUNTIF($B$21:INDIRECT(ADDRESS(MATCH("",$B:$B,-1),2,1,1)),$A13&"*") -> 14 | F13: =$E13-COUNTIFS($B$21:INDIRECT(ADDRESS(MATCH("",$B:$B,-1),2,1,1)),$A13&"*",$J$21:INDIRECT(ADDRESS(MATCH("",$B:$B,-1),10,1,1)),"N/A") -> 14 | G13: =COUNTIFS($B$21:INDIRECT(ADDRESS(MATCH("",$B:$B,-1),2,1,1)),$A13&"*",$J$21:INDIRECT(ADDRESS(MATCH("",$B:$B,-1),10,1,1)),"Y") -> 12 | H13: =SUMIF($B$21:INDIRECT(ADDRESS(MATCH("",$B:$B,-1),2,1,1)),$A13&"*",$M$21:INDIRECT(ADDRESS(MATCH("",$B:$B,-1),13,1,1))) -> 42 | I13: =SUMIF($B$21:INDIRECT(ADDRESS(MATCH("",$B:$B,-1),2,1,1)),$A13&"*",$N$21:INDIRECT(ADDRESS(MATCH("",$B:$B,-1),14,1,1))) -> 36 | J13: =IF(F13=0, "N/A", (I13/H13)) -> 0.85714286
A14: U3 | C14: =VLOOKUP($A14,ChkList!$A$5:$B$44,2,FALSE) -> 서비스 관리 | E14: =COUNTIF($B$21:INDIRECT(ADDRESS(MATCH("",$B:$B,-1),2,1,1)),$A14&"*") -> 15 | F14: =$E14-COUNTIFS($B$21:INDIRECT(ADDRESS(MATCH("",$B:$B,-1),2,1,1)),$A14&"*",$J$21:INDIRECT(ADDRESS(MATCH("",$B:$B,-1),10,1,1)),"N/A") -> 15 | G14: =COUNTIFS($B$21:INDIRECT(ADDRESS(MATCH("",$B:$B,-1),2,1,1)),$A14&"*",$J$21:INDIRECT(ADDRESS(MATCH("",$B:$B,-1),10,1,1)),"Y") -> 15 | H14: =SUMIF($B$21:INDIRECT(ADDRESS(MATCH("",$B:$B,-1),2,1,1)),$A14&"*",$M$21:INDIRECT(ADDRESS(MATCH("",$B:$B,-1),13,1,1))) -> 45 | I14: =SUMIF($B$21:INDIRECT(ADDRESS(MATCH("",$B:$B,-1),2,1,1)),$A14&"*",$N$21:INDIRECT(ADDRESS(MATCH("",$B:$B,-1),14,1,1))) -> 45 | J14: =IF(F14=0, "N/A", (I14/H14)) -> 1
A15: U4 | C15: =VLOOKUP($A15,ChkList!$A$5:$B$44,2,FALSE) -> 패치 및 로그관리 | E15: =COUNTIF($B$21:INDIRECT(ADDRESS(MATCH("",$B:$B,-1),2,1,1)),$A15&"*") -> 2 | F15: =$E15-COUNTIFS($B$21:INDIRECT(ADDRESS(MATCH("",$B:$B,-1),2,1,1)),$A15&"*",$J$21:INDIRECT(ADDRESS(MATCH("",$B:$B,-1),10,1,1)),"N/A") -> 2 | G15: =COUNTIFS($B$21:INDIRECT(ADDRESS(MATCH("",$B:$B,-1),2,1,1)),$A15&"*",$J$21:INDIRECT(ADDRESS(MATCH("",$B:$B,-1),10,1,1)),"Y") -> 0 | H15: =SUMIF($B$21:INDIRECT(ADDRESS(MATCH("",$B:$B,-1),2,1,1)),$A15&"*",$M$21:INDIRECT(ADDRESS(MATCH("",$B:$B,-1),13,1,1))) -> 6 | I15: =SUMIF($B$21:INDIRECT(ADDRESS(MATCH("",$B:$B,-1),2,1,1)),$A15&"*",$N$21:INDIRECT(ADDRESS(MATCH("",$B:$B,-1),14,1,1))) -> 0 | J15: =IF(F15=0, "N/A", (I15/H15)) -> 0
A16: 전체 보안 수준 | E16: =SUM(E12:E15) -> 36 | F16: =SUM(F12:F15) -> 36 | G16: =SUM(G12:G15) -> 30 | H16: =SUM(H12:H15) -> 107 | I16: =SUM(I12:I15) -> 90 | J16: =IF(H16=0,"N/A",I16/H16) -> 0.8411215
A18: ② 상세 점검 현황 | L18: (양호: Y, 취약: N, 해당사항없음: N/A) | M18: HIDDEN 필드입니다
A19: 분류 | D19: 점검 항목 | I19: 중요도 | J19: 점검결과 | K19: 현황 | L19: 개선방안 | M19: 전체점수 | N19: 평가점수
A20: =$A$12 -> U1 | C20: =VLOOKUP($A12,ChkList!$A$5:$B$44,2,FALSE) -> 계정 관리
B21: U1-01 | C21: =ChkList!$B6 -> U-01 | D21: =ChkList!$C6 -> root 계정 원격 접속 제한 | I21: =ChkList!$D6 -> H | J21: =IF(IFERROR(FIND("[양호]",LEFT(K21,5)),0),"Y",IF(IFERROR(FIND("[취약]",LEFT(K21,5)),0),"N",IF(IFERROR(FIND("[N/A]",LEFT(K21,5)),0),"N/A","인터뷰"))) -> Y | K21: [양호] root 계정의 원격 접속 제한설정이 적용되어 있으므로 양호함 [현황] ------------- cat /etc/ssh/sshd_config | grep PermitRootLogin ------------- #PermitRootLogin prohibit-password PermitRootLogin no # the setting of "PermitRootLogin without-password". | L21: =IF(J21="N",ChkList!G6,"") | M21: =IF($J21="N/A",0,VLOOKUP($I21,ChkList!$A$47:$B$49,2,FALSE))*1 -> 3 | N21: =IFERROR(VLOOKUP($I21,ChkList!$A$47:$B$49,2,FALSE)*VLOOKUP($J21,ChkList!$A$52:$B$54,2,FALSE),0) -> 3
B22: U1-02 | C22: =ChkList!$B7 -> U-02 | D22: =ChkList!$C7 -> 패스워드 복잡성 설정 | I22: =ChkList!$D7 -> H | J22: =IF(IFERROR(FIND("[양호]",LEFT(K22,5)),0),"Y",IF(IFERROR(FIND("[취약]",LEFT(K22,5)),0),"N",IF(IFERROR(FIND("[N/A]",LEFT(K22,5)),0),"N/A","인터뷰"))) -> N | K22: [취약] 패스워드 복잡성을 적절하게 설정하고 있지 않으므로 취약함 [현황] ------------- cat /etc/pam.d/common-password ------------- # here are the per-package modules (the "Primary" block) password requisite pam_cracklib.so retry=3 minlen=8 difok=3 password [success=1 default=ignore] pam_unix.so obscure use_authtok try_first_pass sha512 # here's the fallback if no module succeeds password requisite pam_deny.so # prime the stack with a positive return value if there isn't one already; # this avoids us returning an error just because nothing sets a success code # since the modules above will each just jump around password required pam_permit.so # and here are more per-package modules (the "Additional" block) # end of pam-auth-update config | L22: =IF(J22="N",ChkList!G7,"") -> [CentOS 7이상] # vi /etc/pam.d/system-auth password requisite pam_pwquality.so try_first_pass enforce_for_root retry=5 type= minlen=9 lcredit=-1 ucredit=-1 dcredit=-1 ocredit=-1 [CentOS 6이하] # vi /etc/pam.d/system-auth password requisite pam_cracklib.so try_first_pass enforce_for_root retry=5 type= minlen=9 lcredit=-1 ucredit=-1 dcredit=-1 ocredit=-1 [Ubuntu, Debian] 1. libpam-pwquality 설치 # apt -y install libpam-pwquality 2. vi 편집기를 이용하여 설정 파일을 연 후 # vi /etc/pam.d/common-password 3. pam_pwquality.so 부분을 아래와 같이 설정(예시) password requisite pam_pwquality.so enforce_for_root retry=3 minlen=9 dcredit=-1 ucredit=-1 lcredit=-1 ocredit=-1 ※패스워드 복잡성 설정은 Debian 계열의 경우 common-password 파일 또는 pwquality.conf 파일, RedHat 계열의 경우 system-auth 파일 또는 pwquality.conf 파일 둘 중 한 곳에만 적용하면 되며, enforce_for_root 설정은 system-auth 파일에 적용해야 함 ***설정 시 모듈이 있는지 확인 필요*** [일반적으로 권장하는 패스워드 설정] 1. 패스워드의 길이는 최소 9자 이상으로 설정 2. 영문(대문자, 소문자), 숫자, 특수문자를 혼합하여 패스워드 설정 3. 패스워드는 주기적으로 변경하고, 재사용 금지 4. 사전에 있는 단어나 누구나 유추 가능한 간단한 패스워드 사용 금지 | M22: =IF($J22="N/A",0,VLOOKUP($I22,ChkList!$A$47:$B$49,2,FALSE))*1 -> 3 | N22: =IFERROR(VLOOKUP($I22,ChkList!$A$47:$B$49,2,FALSE)*VLOOKUP($J22,ChkList!$A$52:$B$54,2,FALSE),0) -> 0
B23: U1-03 | C23: =ChkList!$B8 -> U-03 | D23: =ChkList!$C8 -> 계정 잠금 임계값 설정 | I23: =ChkList!$D8 -> H | J23: =IF(IFERROR(FIND("[양호]",LEFT(K23,5)),0),"Y",IF(IFERROR(FIND("[취약]",LEFT(K23,5)),0),"N",IF(IFERROR(FIND("[N/A]",LEFT(K23,5)),0),"N/A","인터뷰"))) -> Y | K23: [양호] 계정잠금 임계값 설정이 적절(5회 이하)하므로 양호함 [현황] ------------- cat /etc/pam.d/common-auth | grep auth | grep required | grep deny= ------------- auth required pam_tally2.so onerr=fail deny=5 unlock_time=120 reset | L23: =IF(J23="N",ChkList!G8,"") | M23: =IF($J23="N/A",0,VLOOKUP($I23,ChkList!$A$47:$B$49,2,FALSE))*1 -> 3 | N23: =IFERROR(VLOOKUP($I23,ChkList!$A$47:$B$49,2,FALSE)*VLOOKUP($J23,ChkList!$A$52:$B$54,2,FALSE),0) -> 3
B24: U1-04 | C24: =ChkList!$B9 -> U-04 | D24: =ChkList!$C9 -> 패스워드 최대 사용 기간 설정 | I24: =ChkList!$D9 -> M | J24: =IF(IFERROR(FIND("[양호]",LEFT(K24,5)),0),"Y",IF(IFERROR(FIND("[취약]",LEFT(K24,5)),0),"N",IF(IFERROR(FIND("[N/A]",LEFT(K24,5)),0),"N/A","인터뷰"))) -> N | K24: [취약] 패스워드 최대 사용기간이 적절하게 설정되어 있지 않으므로 취약함 [현황] ------------- PASS_MAX_DAYS 설정 확인 ------------- PASS_MAX_DAYS 90 ------------- 각 계정별 설정 확인 ------------- root 99999 nbpmon 99999 | L24: =IF(J24="N",ChkList!G9,"") -> (User 생성시 적용) # vi /etc/login.defs PASS_MAX_DAYS 90 (현재 User의 최대 사용기간 적용) chage –M 90 <계정명> | M24: =IF($J24="N/A",0,VLOOKUP($I24,ChkList!$A$47:$B$49,2,FALSE))*1 -> 2 | N24: =IFERROR(VLOOKUP($I24,ChkList!$A$47:$B$49,2,FALSE)*VLOOKUP($J24,ChkList!$A$52:$B$54,2,FALSE),0) -> 0
B25: U1-05 | C25: =ChkList!$B10 -> U-05 | D25: =ChkList!$C10 -> 패스워드 파일 보호 | I25: =ChkList!$D10 -> H | J25: =IF(IFERROR(FIND("[양호]",LEFT(K25,5)),0),"Y",IF(IFERROR(FIND("[취약]",LEFT(K25,5)),0),"N",IF(IFERROR(FIND("[N/A]",LEFT(K25,5)),0),"N/A","인터뷰"))) -> Y | K25: [양호] shadow 파일에 패스워드를 저장하고 있으므로 양호함 [현황] ------------- ls -alL /etc/shadow ------------- -r-------- 1 root shadow 1111 Oct 20 20:27 /etc/shadow | L25: =IF(J25="N",ChkList!G10,"") | M25: =IF($J25="N/A",0,VLOOKUP($I25,ChkList!$A$47:$B$49,2,FALSE))*1 -> 3 | N25: =IFERROR(VLOOKUP($I25,ChkList!$A$47:$B$49,2,FALSE)*VLOOKUP($J25,ChkList!$A$52:$B$54,2,FALSE),0) -> 3
A26: =$A$13 -> U2 | C26: =VLOOKUP($A13,ChkList!$A$5:$B$44,2,FALSE) -> 파일 및 디렉토리 관리
B27: U2-01 | C27: =ChkList!$B12 -> U-06 | D27: =ChkList!$C12 -> root 홈, 패스 디렉터리 권한 및 패스 설정 | I27: =ChkList!$D12 -> H | J27: =IF(IFERROR(FIND("[양호]",LEFT(K27,5)),0),"Y",IF(IFERROR(FIND("[취약]",LEFT(K27,5)),0),"N",IF(IFERROR(FIND("[N/A]",LEFT(K27,5)),0),"N/A","인터뷰"))) -> Y | K27: [양호] PATH 설정에 '.' or '..'이 포함되어 있지 않으므로 양호함 [현황] /usr/local/sbin:/usr/local/bin:/usr/sbin:/usr/bin:/sbin:/bin:/usr/games:/usr/local/games:/snap/bin | L27: =IF(J27="N",ChkList!G12,"") | M27: =IF($J27="N/A",0,VLOOKUP($I27,ChkList!$A$47:$B$49,2,FALSE))*1 -> 3 | N27: =IFERROR(VLOOKUP($I27,ChkList!$A$47:$B$49,2,FALSE)*VLOOKUP($J27,ChkList!$A$52:$B$54,2,FALSE),0) -> 3
B28: U2-02 | C28: =ChkList!$B13 -> U-07 | D28: =ChkList!$C13 -> 파일 및 디렉터리 소유자 설정 | I28: =ChkList!$D13 -> H | J28: =IF(IFERROR(FIND("[양호]",LEFT(K28,5)),0),"Y",IF(IFERROR(FIND("[취약]",LEFT(K28,5)),0),"N",IF(IFERROR(FIND("[N/A]",LEFT(K28,5)),0),"N/A","인터뷰"))) -> Y | K28: [양호] 소유자나 그룹이 존재하지 않는 파일 및 디렉터리가 없으므로 양호함 [현황] ------------- 소유자나 그룹이 존재하지 않는 파일 및 디렉터리 확인 ------------- 해당사항 없음 | L28: =IF(J28="N",ChkList!G13,"") | M28: =IF($J28="N/A",0,VLOOKUP($I28,ChkList!$A$47:$B$49,2,FALSE))*1 -> 3 | N28: =IFERROR(VLOOKUP($I28,ChkList!$A$47:$B$49,2,FALSE)*VLOOKUP($J28,ChkList!$A$52:$B$54,2,FALSE),0) -> 3
B29: U2-03 | C29: =ChkList!$B14 -> U-08 | D29: =ChkList!$C14 -> /etc/passwd 파일 소유자 및 권한 설정 | I29: =ChkList!$D14 -> H | J29: =IF(IFERROR(FIND("[양호]",LEFT(K29,5)),0),"Y",IF(IFERROR(FIND("[취약]",LEFT(K29,5)),0),"N",IF(IFERROR(FIND("[N/A]",LEFT(K29,5)),0),"N/A","인터뷰"))) -> Y | K29: [양호] /etc/passwd 파일의 퍼미션이 644이하이므로 양호함 [현황] ------------- /etc/passwd 파일 소유자 및 권한 확인 ------------- -rw-r--r-- 1 root root 1776 Oct 20 20:27 /etc/passwd | L29: =IF(J29="N",ChkList!G14,"") | M29: =IF($J29="N/A",0,VLOOKUP($I29,ChkList!$A$47:$B$49,2,FALSE))*1 -> 3 | N29: =IFERROR(VLOOKUP($I29,ChkList!$A$47:$B$49,2,FALSE)*VLOOKUP($J29,ChkList!$A$52:$B$54,2,FALSE),0) -> 3
B30: U2-04 | C30: =ChkList!$B15 -> U-09 | D30: =ChkList!$C15 -> /etc/shadow 파일 소유자 및 권한 설정 | I30: =ChkList!$D15 -> H | J30: =IF(IFERROR(FIND("[양호]",LEFT(K30,5)),0),"Y",IF(IFERROR(FIND("[취약]",LEFT(K30,5)),0),"N",IF(IFERROR(FIND("[N/A]",LEFT(K30,5)),0),"N/A","인터뷰"))) -> Y | K30: [양호] /etc/shadow 파일의 퍼미션이 400이하이므로 양호함 [현황] ------------- /etc/shadow 파일 소유자 및 권한 확인 ------------- -r-------- 1 root shadow 1111 Oct 20 20:27 /etc/shadow | L30: =IF(J30="N",ChkList!G15,"") | M30: =IF($J30="N/A",0,VLOOKUP($I30,ChkList!$A$47:$B$49,2,FALSE))*1 -> 3 | N30: =IFERROR(VLOOKUP($I30,ChkList!$A$47:$B$49,2,FALSE)*VLOOKUP($J30,ChkList!$A$52:$B$54,2,FALSE),0) -> 3
B31: U2-05 | C31: =ChkList!$B16 -> U-10 | D31: =ChkList!$C16 -> /etc/hosts 파일 소유자 및 권한 설정 | I31: =ChkList!$D16 -> H | J31: =IF(IFERROR(FIND("[양호]",LEFT(K31,5)),0),"Y",IF(IFERROR(FIND("[취약]",LEFT(K31,5)),0),"N",IF(IFERROR(FIND("[N/A]",LEFT(K31,5)),0),"N/A","인터뷰"))) -> Y | K31: [양호] /etc/hosts 파일의 퍼미션이 644이하이므로 양호함 [현황] ------------- /etc/hosts 파일 소유자 및 권한 확인 ------------- -rw-r--r-- 1 root root 357 Oct 20 20:27 /etc/hosts | L31: =IF(J31="N",ChkList!G16,"") | M31: =IF($J31="N/A",0,VLOOKUP($I31,ChkList!$A$47:$B$49,2,FALSE))*1 -> 3 | N31: =IFERROR(VLOOKUP($I31,ChkList!$A$47:$B$49,2,FALSE)*VLOOKUP($J31,ChkList!$A$52:$B$54,2,FALSE),0) -> 3
B32: U2-06 | C32: =ChkList!$B17 -> U-11 | D32: =ChkList!$C17 -> /etc/(x)inetd.conf 파일 소유자 및 권한 설정 | I32: =ChkList!$D17 -> H | J32: =IF(IFERROR(FIND("[양호]",LEFT(K32,5)),0),"Y",IF(IFERROR(FIND("[취약]",LEFT(K32,5)),0),"N",IF(IFERROR(FIND("[N/A]",LEFT(K32,5)),0),"N/A","인터뷰"))) -> Y | K32: [양호] /etc/(x)inetd.conf 파일이 존재하지 않으므로 양호처리 함 | L32: =IF(J32="N",ChkList!G17,"") | M32: =IF($J32="N/A",0,VLOOKUP($I32,ChkList!$A$47:$B$49,2,FALSE))*1 -> 3 | N32: =IFERROR(VLOOKUP($I32,ChkList!$A$47:$B$49,2,FALSE)*VLOOKUP($J32,ChkList!$A$52:$B$54,2,FALSE),0) -> 3
B33: U2-07 | C33: =ChkList!$B18 -> U-12 | D33: =ChkList!$C18 -> /etc/syslog.conf 파일 소유자 및 권한 설정 | I33: =ChkList!$D18 -> H | J33: =IF(IFERROR(FIND("[양호]",LEFT(K33,5)),0),"Y",IF(IFERROR(FIND("[취약]",LEFT(K33,5)),0),"N",IF(IFERROR(FIND("[N/A]",LEFT(K33,5)),0),"N/A","인터뷰"))) -> Y | K33: [양호] /etc/rsyslog.conf 파일의 퍼미션이 644이하이므로 양호함 [현황] ------------- /etc/rsyslog.conf 파일 소유자 및 권한 설정 ------------- -rw-r--r-- 1 root root 1382 Feb 12 2020 /etc/rsyslog.conf | L33: =IF(J33="N",ChkList!G18,"") | M33: =IF($J33="N/A",0,VLOOKUP($I33,ChkList!$A$47:$B$49,2,FALSE))*1 -> 3 | N33: =IFERROR(VLOOKUP($I33,ChkList!$A$47:$B$49,2,FALSE)*VLOOKUP($J33,ChkList!$A$52:$B$54,2,FALSE),0) -> 3
B34: U2-08 | C34: =ChkList!$B19 -> U-13 | D34: =ChkList!$C19 -> /etc/services 파일 소유자 및 권한 설정 | I34: =ChkList!$D19 -> H | J34: =IF(IFERROR(FIND("[양호]",LEFT(K34,5)),0),"Y",IF(IFERROR(FIND("[취약]",LEFT(K34,5)),0),"N",IF(IFERROR(FIND("[N/A]",LEFT(K34,5)),0),"N/A","인터뷰"))) -> Y | K34: [양호] /etc/services 파일의 퍼미션이 644이하이므로 양호함 [현황] ------------- /etc/services 파일 소유자 및 권한 확인 ------------- -rw-r--r-- 1 root root 14464 Feb 17 2020 /etc/services | L34: =IF(J34="N",ChkList!G19,"") | M34: =IF($J34="N/A",0,VLOOKUP($I34,ChkList!$A$47:$B$49,2,FALSE))*1 -> 3 | N34: =IFERROR(VLOOKUP($I34,ChkList!$A$47:$B$49,2,FALSE)*VLOOKUP($J34,ChkList!$A$52:$B$54,2,FALSE),0) -> 3
B35: U2-09 | C35: =ChkList!$B20 -> U-14 | D35: =ChkList!$C20 -> SUID, SGID, Sticky bit 설정 파일 점검 | I35: =ChkList!$D20 -> H | J35: =IF(IFERROR(FIND("[양호]",LEFT(K35,5)),0),"Y",IF(IFERROR(FIND("[취약]",LEFT(K35,5)),0),"N",IF(IFERROR(FIND("[N/A]",LEFT(K35,5)),0),"N/A","인터뷰"))) -> Y | K35: [양호] 주요 파일의 권한에 SUID/SGID에 대한 설정이 부여되어 있지 않으므로 양호함 [현황] ------------- 주요 파일의 SUID/SGID 설정 확인 ------------- SUID/SGID가 설정된 주요파일이 존재하지 않음 | L35: =IF(J35="N",ChkList!G20,"") | M35: =IF($J35="N/A",0,VLOOKUP($I35,ChkList!$A$47:$B$49,2,FALSE))*1 -> 3 | N35: =IFERROR(VLOOKUP($I35,ChkList!$A$47:$B$49,2,FALSE)*VLOOKUP($J35,ChkList!$A$52:$B$54,2,FALSE),0) -> 3
B36: U2-10 | C36: =ChkList!$B21 -> U-15 | D36: =ChkList!$C21 -> 사용자, 시스템 시작파일 및 환경파일 소유자 및 권한 설정 | I36: =ChkList!$D21 -> H | J36: =IF(IFERROR(FIND("[양호]",LEFT(K36,5)),0),"Y",IF(IFERROR(FIND("[취약]",LEFT(K36,5)),0),"N",IF(IFERROR(FIND("[N/A]",LEFT(K36,5)),0),"N/A","인터뷰"))) -> Y | K36: [양호] 홈 디렉터리 환경변수 파일의 권한이 적절하므로 양호함 [현황] ------------- 나. 사용자 환경변수 파일의 권한 확인 ------------- -rw-r--r-- 1 nbpmon nbpmon 807 Feb 25 2020 /home1/nbpmon/.profile -rw-r--r-- 1 nbpmon nbpmon 3771 Feb 25 2020 /home1/nbpmon/.bashrc -rw-r--r-- 1 ncloud ncloud 807 Feb 25 2020 /home1/ncloud/.profile -rw-r--r-- 1 ncloud ncloud 3771 Feb 25 2020 /home1/ncloud/.bashrc -rw------- 1 ncloud ncloud 0 Nov 27 11:58 /home1/ncloud/.bash_history -rw-r--r-- 1 root root 161 Dec 5 2019 /root/.profile -rw-r--r-- 1 root root 3106 Dec 5 2019 /root/.bashrc -rw------- 1 root root 0 Nov 27 12:03 /root/.bash_history | L36: =IF(J36="N",ChkList!G21,"") | M36: =IF($J36="N/A",0,VLOOKUP($I36,ChkList!$A$47:$B$49,2,FALSE))*1 -> 3 | N36: =IFERROR(VLOOKUP($I36,ChkList!$A$47:$B$49,2,FALSE)*VLOOKUP($J36,ChkList!$A$52:$B$54,2,FALSE),0) -> 3
B37: U2-11 | C37: =ChkList!$B22 -> U-16 | D37: =ChkList!$C22 -> world writable 파일 점검 | I37: =ChkList!$D22 -> H | J37: =IF(IFERROR(FIND("[양호]",LEFT(K37,5)),0),"Y",IF(IFERROR(FIND("[취약]",LEFT(K37,5)),0),"N",IF(IFERROR(FIND("[N/A]",LEFT(K37,5)),0),"N/A","인터뷰"))) -> N | K37: [취약] world writable 파일이 존재하고 있으므로 취약함 [현황] /var/lib/kubelet/pods /var/lib/ncloud/exec/ncloud-userdata | L37: =IF(J37="N",ChkList!G22,"") -> 1. 검색된 파일 중 불필요한 파일 제거 및 권한 변경 #chmod o-w <file_name> #rm –rf <world-writable 파일명> | M37: =IF($J37="N/A",0,VLOOKUP($I37,ChkList!$A$47:$B$49,2,FALSE))*1 -> 3 | N37: =IFERROR(VLOOKUP($I37,ChkList!$A$47:$B$49,2,FALSE)*VLOOKUP($J37,ChkList!$A$52:$B$54,2,FALSE),0) -> 0
B38: U2-13 | C38: =ChkList!$B23 -> U-17 | D38: =ChkList!$C23 -> $HOME/.rhosts, hosts.equiv 사용 금지 | I38: =ChkList!$D23 -> H | J38: =IF(IFERROR(FIND("[양호]",LEFT(K38,5)),0),"Y",IF(IFERROR(FIND("[취약]",LEFT(K38,5)),0),"N",IF(IFERROR(FIND("[N/A]",LEFT(K38,5)),0),"N/A","인터뷰"))) -> Y | K38: [양호] R 서비스가 동작중이 아니므로 양호함 [현황] ------------- # 동작중인 R 서비스 ------------- 동작중인 R 서비스가 존재하지 않음 | L38: =IF(J38="N",ChkList!G23,"") | M38: =IF($J38="N/A",0,VLOOKUP($I38,ChkList!$A$47:$B$49,2,FALSE))*1 -> 3 | N38: =IFERROR(VLOOKUP($I38,ChkList!$A$47:$B$49,2,FALSE)*VLOOKUP($J38,ChkList!$A$52:$B$54,2,FALSE),0) -> 3
... B40: U2-15 | C40: =ChkList!$B25 -> U-19 | D40: =ChkList!$C25 -> cron 파일 소유자 및 권한 설정 | I40: =ChkList!$D25 -> H | J40: =IF(IFERROR(FIND("[양호]",LEFT(K40,5)),0),"Y",IF(IFERROR(FIND("[취약]",LEFT(K40,5)),0),"N",IF(IFERROR(FIND("[N/A]",LEFT(K40,5)),0),"N/A","인터뷰"))) -> Y | K40: [양호] cron 파일이 존재하지 않으므로 양호처리 함 | L40: =IF(J40="N",ChkList!G25,"") | M40: =IF($J40="N/A",0,VLOOKUP($I40,ChkList!$A$47:$B$49,2,FALSE))*1 -> 3 | N40: =IFERROR(VLOOKUP($I40,ChkList!$A$47:$B$49,2,FALSE)*VLOOKUP($J40,ChkList!$A$52:$B$54,2,FALSE),0) -> 3
A41: =$A$14 -> U3 | C41: =VLOOKUP($A14,ChkList!$A$5:$B$44,2,FALSE) -> 서비스 관리
B42: U3-01 | C42: =ChkList!$B27 -> U-20 | D42: =ChkList!$C27 -> Finger 서비스 비활성화 | I42: =ChkList!$D27 -> H | J42: =IF(IFERROR(FIND("[양호]",LEFT(K42,5)),0),"Y",IF(IFERROR(FIND("[취약]",LEFT(K42,5)),0),"N",IF(IFERROR(FIND("[N/A]",LEFT(K42,5)),0),"N/A","인터뷰"))) -> Y | K42: [양호] 현재 finger 서비스가 동작하지 않으므로 양호함 | L42: =IF(J42="N",ChkList!G27,"") | M42: =IF($J42="N/A",0,VLOOKUP($I42,ChkList!$A$47:$B$49,2,FALSE))*1 -> 3 | N42: =IFERROR(VLOOKUP($I42,ChkList!$A$47:$B$49,2,FALSE)*VLOOKUP($J42,ChkList!$A$52:$B$54,2,FALSE),0) -> 3
B43: U3-02 | C43: =ChkList!$B28 -> U-21 | D43: =ChkList!$C28 -> Anonymous FTP 비활성화 | I43: =ChkList!$D28 -> H | J43: =IF(IFERROR(FIND("[양호]",LEFT(K43,5)),0),"Y",IF(IFERROR(FIND("[취약]",LEFT(K43,5)),0),"N",IF(IFERROR(FIND("[N/A]",LEFT(K43,5)),0),"N/A","인터뷰"))) -> Y | K43: [양호] Anonymous FTP 차단하고 있으므로 양호함 | L43: =IF(J43="N",ChkList!G28,"") | M43: =IF($J43="N/A",0,VLOOKUP($I43,ChkList!$A$47:$B$49,2,FALSE))*1 -> 3 | N43: =IFERROR(VLOOKUP($I43,ChkList!$A$47:$B$49,2,FALSE)*VLOOKUP($J43,ChkList!$A$52:$B$54,2,FALSE),0) -> 3
B44: U3-03 | C44: =ChkList!$B29 -> U-22 | D44: =ChkList!$C29 -> r 계열 서비스 비활성화 | I44: =ChkList!$D29 -> H | J44: =IF(IFERROR(FIND("[양호]",LEFT(K44,5)),0),"Y",IF(IFERROR(FIND("[취약]",LEFT(K44,5)),0),"N",IF(IFERROR(FIND("[N/A]",LEFT(K44,5)),0),"N/A","인터뷰"))) -> Y | K44: [양호] 현재 rsh, rlogin, rexec 서비스가 동작하지 않으므로 양호함 | L44: =IF(J44="N",ChkList!G29,"") | M44: =IF($J44="N/A",0,VLOOKUP($I44,ChkList!$A$47:$B$49,2,FALSE))*1 -> 3 | N44: =IFERROR(VLOOKUP($I44,ChkList!$A$47:$B$49,2,FALSE)*VLOOKUP($J44,ChkList!$A$52:$B$54,2,FALSE),0) -> 3
B45: U3-05 | C45: =ChkList!$B30 -> U-23 | D45: =ChkList!$C30 -> DoS 공격에 취약한 서비스 비활성화 | I45: =ChkList!$D30 -> H | J45: =IF(IFERROR(FIND("[양호]",LEFT(K45,5)),0),"Y",IF(IFERROR(FIND("[취약]",LEFT(K45,5)),0),"N",IF(IFERROR(FIND("[N/A]",LEFT(K45,5)),0),"N/A","인터뷰"))) -> Y | K45: [양호] echo, discard, daytime, chargen 서비스가 동작하지 않으므로 양호함 | L45: =IF(J45="N",ChkList!G30,"") | M45: =IF($J45="N/A",0,VLOOKUP($I45,ChkList!$A$47:$B$49,2,FALSE))*1 -> 3 | N45: =IFERROR(VLOOKUP($I45,ChkList!$A$47:$B$49,2,FALSE)*VLOOKUP($J45,ChkList!$A$52:$B$54,2,FALSE),0) -> 3
B46: U3-06 | C46: =ChkList!$B31 -> U-24 | D46: =ChkList!$C31 -> NFS 서비스 비활성화 | I46: =ChkList!$D31 -> H | J46: =IF(IFERROR(FIND("[양호]",LEFT(K46,5)),0),"Y",IF(IFERROR(FIND("[취약]",LEFT(K46,5)),0),"N",IF(IFERROR(FIND("[N/A]",LEFT(K46,5)),0),"N/A","인터뷰"))) -> Y | K46: [양호] 현재 NFS 서비스를 사용중이지 않으므로 양호함 | L46: =IF(J46="N",ChkList!G31,"") | M46: =IF($J46="N/A",0,VLOOKUP($I46,ChkList!$A$47:$B$49,2,FALSE))*1 -> 3 | N46: =IFERROR(VLOOKUP($I46,ChkList!$A$47:$B$49,2,FALSE)*VLOOKUP($J46,ChkList!$A$52:$B$54,2,FALSE),0) -> 3
B47: U3-07 | C47: =ChkList!$B32 -> U-25 | D47: =ChkList!$C32 -> NFS 접근통제 | I47: =ChkList!$D32 -> H | J47: =IF(IFERROR(FIND("[양호]",LEFT(K47,5)),0),"Y",IF(IFERROR(FIND("[취약]",LEFT(K47,5)),0),"N",IF(IFERROR(FIND("[N/A]",LEFT(K47,5)),0),"N/A","인터뷰"))) -> Y | K47: [양호] NFS 서비스가 비활성화되어 있으므로 양호함 | L47: =IF(J47="N",ChkList!G32,"") | M47: =IF($J47="N/A",0,VLOOKUP($I47,ChkList!$A$47:$B$49,2,FALSE))*1 -> 3 | N47: =IFERROR(VLOOKUP($I47,ChkList!$A$47:$B$49,2,FALSE)*VLOOKUP($J47,ChkList!$A$52:$B$54,2,FALSE),0) -> 3
B48: U3-08 | C48: =ChkList!$B33 -> U-26 | D48: =ChkList!$C33 -> automountd 제거 | I48: =ChkList!$D33 -> H | J48: =IF(IFERROR(FIND("[양호]",LEFT(K48,5)),0),"Y",IF(IFERROR(FIND("[취약]",LEFT(K48,5)),0),"N",IF(IFERROR(FIND("[N/A]",LEFT(K48,5)),0),"N/A","인터뷰"))) -> Y | K48: [양호] automount 데몬이 동작중이지 않으므로 양호함 | L48: =IF(J48="N",ChkList!G33,"") | M48: =IF($J48="N/A",0,VLOOKUP($I48,ChkList!$A$47:$B$49,2,FALSE))*1 -> 3 | N48: =IFERROR(VLOOKUP($I48,ChkList!$A$47:$B$49,2,FALSE)*VLOOKUP($J48,ChkList!$A$52:$B$54,2,FALSE),0) -> 3
B49: U3-09 | C49: =ChkList!$B34 -> U-27 | D49: =ChkList!$C34 -> RPC 서비스 확인 | I49: =ChkList!$D34 -> H | J49: =IF(IFERROR(FIND("[양호]",LEFT(K49,5)),0),"Y",IF(IFERROR(FIND("[취약]",LEFT(K49,5)),0),"N",IF(IFERROR(FIND("[N/A]",LEFT(K49,5)),0),"N/A","인터뷰"))) -> Y | K49: [양호] 현재 RPC 서비스가 동작하지 않으므로 양호함 | L49: =IF(J49="N",ChkList!G34,"") | M49: =IF($J49="N/A",0,VLOOKUP($I49,ChkList!$A$47:$B$49,2,FALSE))*1 -> 3 | N49: =IFERROR(VLOOKUP($I49,ChkList!$A$47:$B$49,2,FALSE)*VLOOKUP($J49,ChkList!$A$52:$B$54,2,FALSE),0) -> 3
B50: U3-10 | C50: =ChkList!$B35 -> U-28 | D50: =ChkList!$C35 -> NIS, NIS+ 점검 | I50: =ChkList!$D35 -> H | J50: =IF(IFERROR(FIND("[양호]",LEFT(K50,5)),0),"Y",IF(IFERROR(FIND("[취약]",LEFT(K50,5)),0),"N",IF(IFERROR(FIND("[N/A]",LEFT(K50,5)),0),"N/A","인터뷰"))) -> Y | K50: [양호] NIS , NIS+ 서비스가 동작중이지 않으므로 양호함 | L50: =IF(J50="N",ChkList!G35,"") | M50: =IF($J50="N/A",0,VLOOKUP($I50,ChkList!$A$47:$B$49,2,FALSE))*1 -> 3 | N50: =IFERROR(VLOOKUP($I50,ChkList!$A$47:$B$49,2,FALSE)*VLOOKUP($J50,ChkList!$A$52:$B$54,2,FALSE),0) -> 3
B51: U3-11 | C51: =ChkList!$B36 -> U-29 | D51: =ChkList!$C36 -> tftp, talk 서비스 비활성화 | I51: =ChkList!$D36 -> H | J51: =IF(IFERROR(FIND("[양호]",LEFT(K51,5)),0),"Y",IF(IFERROR(FIND("[취약]",LEFT(K51,5)),0),"N",IF(IFERROR(FIND("[N/A]",LEFT(K51,5)),0),"N/A","인터뷰"))) -> Y | K51: [양호] tftp, talk 서비스가 동작하지 않으므로 양호함 | L51: =IF(J51="N",ChkList!G36,"") | M51: =IF($J51="N/A",0,VLOOKUP($I51,ChkList!$A$47:$B$49,2,FALSE))*1 -> 3 | N51: =IFERROR(VLOOKUP($I51,ChkList!$A$47:$B$49,2,FALSE)*VLOOKUP($J51,ChkList!$A$52:$B$54,2,FALSE),0) -> 3
B52: U3-12 | C52: =ChkList!$B37 -> U-30 | D52: =ChkList!$C37 -> Sendmail 버전 점검 | I52: =ChkList!$D37 -> H | J52: =IF(IFERROR(FIND("[양호]",LEFT(K52,5)),0),"Y",IF(IFERROR(FIND("[취약]",LEFT(K52,5)),0),"N",IF(IFERROR(FIND("[N/A]",LEFT(K52,5)),0),"N/A","인터뷰"))) -> Y | K52: [양호] Sendmail 서비스가 동작중이지 않으므로 양호함 | L52: =IF(J52="N",ChkList!G37,"") | M52: =IF($J52="N/A",0,VLOOKUP($I52,ChkList!$A$47:$B$49,2,FALSE))*1 -> 3 | N52: =IFERROR(VLOOKUP($I52,ChkList!$A$47:$B$49,2,FALSE)*VLOOKUP($J52,ChkList!$A$52:$B$54,2,FALSE),0) -> 3
B53: U3-13 | C53: =ChkList!$B38 -> U-31 | D53: =ChkList!$C38 -> 스팸 메일 릴레이 제한 | I53: =ChkList!$D38 -> H | J53: =IF(IFERROR(FIND("[양호]",LEFT(K53,5)),0),"Y",IF(IFERROR(FIND("[취약]",LEFT(K53,5)),0),"N",IF(IFERROR(FIND("[N/A]",LEFT(K53,5)),0),"N/A","인터뷰"))) -> Y | K53: [양호] Sendmail 서비스가 동작중이지 않으므로 양호함 | L53: =IF(J53="N",ChkList!G38,"") | M53: =IF($J53="N/A",0,VLOOKUP($I53,ChkList!$A$47:$B$49,2,FALSE))*1 -> 3 | N53: =IFERROR(VLOOKUP($I53,ChkList!$A$47:$B$49,2,FALSE)*VLOOKUP($J53,ChkList!$A$52:$B$54,2,FALSE),0) -> 3
... B56: U3-16 | C56: =ChkList!$B41 -> U-34 | D56: =ChkList!$C41 -> DNS ZoneTransfer 설정 | I56: =ChkList!$D41 -> H | J56: =IF(IFERROR(FIND("[양호]",LEFT(K56,5)),0),"Y",IF(IFERROR(FIND("[취약]",LEFT(K56,5)),0),"N",IF(IFERROR(FIND("[N/A]",LEFT(K56,5)),0),"N/A","인터뷰"))) -> Y | K56: [양호] DNS 서비스를 사용하지 않으므로 양호함 | L56: =IF(J56="N",ChkList!G41,"") | M56: =IF($J56="N/A",0,VLOOKUP($I56,ChkList!$A$47:$B$49,2,FALSE))*1 -> 3 | N56: =IFERROR(VLOOKUP($I56,ChkList!$A$47:$B$49,2,FALSE)*VLOOKUP($J56,ChkList!$A$52:$B$54,2,FALSE),0) -> 3
A57: =$A$15 -> U4 | C57: =VLOOKUP($A15,ChkList!$A$5:$B$44,2,FALSE) -> 패치 및 로그관리
B58: U4-01 | C58: =ChkList!$B43 -> U-35 | D58: =ChkList!$C43 -> 최신 보안패치 및 벤더 권고사항 적용 | I58: =ChkList!$D43 -> H | J58: =IF(IFERROR(FIND("[양호]",LEFT(K58,5)),0),"Y",IF(IFERROR(FIND("[취약]",LEFT(K58,5)),0),"N",IF(IFERROR(FIND("[N/A]",LEFT(K58,5)),0),"N/A","인터뷰"))) -> N | K58: [취약] 취약점이 존재하는 버전을 사용중이므로 취약함 [현황] ------------- Linux Version ------------- DISTRIB_ID=Ubuntu DISTRIB_RELEASE=20.04 DISTRIB_CODENAME=focal DISTRIB_DESCRIPTION="Ubuntu 20.04.3 LTS" NAME="Ubuntu" VERSION="20.04.3 LTS (Focal Fossa)" ID=ubuntu ID_LIKE=debian PRETTY_NAME="Ubuntu 20.04.3 LTS" VERSION_ID="20.04" HOME_URL="https://www.ubuntu.com/" SUPPORT_URL="https://help.ubuntu.com/" BUG_REPORT_URL="https://bugs.launchpad.net/ubuntu/" PRIVACY_POLICY_URL="https://www.ubuntu.com/legal/terms-and-policies/privacy-policy" VERSION_CODENAME=focal UBUNTU_CODENAME=focal ------------- Kernel Version ------------- 5.4.0-148-generic *5.4.0-167.184 이상 버전 권고(CVE-2023-45871, CVE-2023-31085) | L58: =IF(J58="N",ChkList!G43,"") -> ※ 설정 기준 권고 (또는 정책기준) 1. 보안 취약점이 발표되면 시스템 영향도를 평가하고, 긴급 대응책 및 중장기 대응책을 마련하여 계획과 허가에 의해 대응하는 것이 좋다. 2. 패치를 수행할 시 시스템의 영향도에 따라 패치를 차등 수행하도록 한다. 3. 시스템 운영에 영향을 주지 않는 범위 내에서 주기적으로 패치를 수행할 것을 권고함 | M58: =IF($J58="N/A",0,VLOOKUP($I58,ChkList!$A$47:$B$49,2,FALSE))*1 -> 3 | N58: =IFERROR(VLOOKUP($I58,ChkList!$A$47:$B$49,2,FALSE)*VLOOKUP($J58,ChkList!$A$52:$B$54,2,FALSE),0) -> 0
B59: U4-02 | C59: =ChkList!$B44 -> U-36 | D59: =ChkList!$C44 -> 로그의 정기적 검토 및 보고 | I59: =ChkList!$D44 -> H | J59: =IF(IFERROR(FIND("[양호]",LEFT(K59,5)),0),"Y",IF(IFERROR(FIND("[취약]",LEFT(K59,5)),0),"N",IF(IFERROR(FIND("[N/A]",LEFT(K59,5)),0),"N/A","인터뷰"))) -> N | K59: [취약] 로그를 정기적으로 검토 및 보고를 하고 있지 않으므로 취약함 [현황] 현재 로그 검토 및 보고 매커니즘이 설정되어 있지 않음 | L59: =IF(J59="N",ChkList!G44,"") -> ※ 로그파일에는 해킹의 흔적들이 남겨져 있을 수 있으므로, 다음과 같이 로그 파일의 백업에 대한 검토를 해야 함. 1. su 시도에 관한 로그 2. 반복적인 로그인 실패에 관한 로그 3. 로그인 거부 메세지에 관한 로그 4. 기본적 log 파일의 위치는 /var/adm, /var/log ※ 커널과 시스템에 관련된 로그 메시지들은 syslogd와 klogd 두개의 데몬에 의해서 /var/log/messages에 기록하게 됨. 이 파일을 분석함으로써 시스템을 항상 점검 관리해야 함. | M59: =IF($J59="N/A",0,VLOOKUP($I59,ChkList!$A$47:$B$49,2,FALSE))*1 -> 3 | N59: =IFERROR(VLOOKUP($I59,ChkList!$A$47:$B$49,2,FALSE)*VLOOKUP($J59,ChkList!$A$52:$B$54,2,FALSE),0) -> 0

Sheet U_005
A1: 장비별 상세 점검결과
A3: 1) 시스템 현황
A4: No | E4: =RIGHT(CELL("filename",E4),LEN(CELL("filename",E4))-FIND("]",CELL("filename",E4))) -> U_005 | G4: 호스트명 | I4: =IFERROR(VLOOKUP($E$4,자산목록!$A$1:$I$844,2,FALSE),"N/A") -> idt-gov-pool4-w-158h
A5: SW 버전 | E5: =IFERROR(VLOOKUP($E$4,자산목록!$A$1:$I$851,4,FALSE),"N/A") & " " & IFERROR(VLOOKUP($E$4,자산목록!$A$1:$I$851,5,FALSE),"N/A") -> Ubuntu 20.04 | G5: IP | I5: =IFERROR(VLOOKUP($E$4,자산목록!$A$1:$I$844,3,FALSE),"N/A") -> 10.0.3.12
A6: 변경 SW 버전 | E6: =IFERROR(VLOOKUP($E$4,자산목록!$A$1:$I$844,6,FALSE),"N/A") -> - | G6: 담당자 | I6: =IFERROR(VLOOKUP($E$4,자산목록!$A$1:$I$844,9,FALSE),"N/A") -> 박영규
A8: 2) 점검 결과
A9: ① 부분별 점검 결과
A10: 분류 | E10: 항목 통계 | H10: 점검 점수
E11: 전체 | F11: 점검 | G11: 양호 | H11: 전체 | I11: 평가 | J11: 수준
A12: U1 | C12: =VLOOKUP($A12,ChkList!$A$5:$B$44,2,FALSE) -> 계정 관리 | E12: =COUNTIF($B$21:INDIRECT(ADDRESS(MATCH("",$B:$B,-1),2,1,1)),$A12&"*") -> 5 | F12: =$E12-COUNTIFS($B$21:INDIRECT(ADDRESS(MATCH("",$B:$B,-1),2,1,1)),$A12&"*",$J$21:INDIRECT(ADDRESS(MATCH("",$B:$B,-1),10,1,1)),"N/A") -> 5 | G12: =COUNTIFS($B$21:INDIRECT(ADDRESS(MATCH("",$B:$B,-1),2,1,1)),$A12&"*",$J$21:INDIRECT(ADDRESS(MATCH("",$B:$B,-1),10,1,1)),"Y") -> 3 | H12: =SUMIF($B$21:INDIRECT(ADDRESS(MATCH("",$B:$B,-1),2,1,1)),$A12&"*",$M$21:INDIRECT(ADDRESS(MATCH("",$B:$B,-1),13,1,1))) -> 14 | I12: =SUMIF($B$21:INDIRECT(ADDRESS(MATCH("",$B:$B,-1),2,1,1)),$A12&"*",$N$21:INDIRECT(ADDRESS(MATCH("",$B:$B,-1),14,1,1))) -> 9 | J12: =IF(F12=0, "N/A", (I12/H12)) -> 0.64285714
A13: U2 | C13: =VLOOKUP($A13,ChkList!$A$5:$B$44,2,FALSE) -> 파일 및 디렉토리 관리 | E13: =COUNTIF($B$21:INDIRECT(ADDRESS(MATCH("",$B:$B,-1),2,1,1)),$A13&"*") -> 14 | F13: =$E13-COUNTIFS($B$21:INDIRECT(ADDRESS(MATCH("",$B:$B,-1),2,1,1)),$A13&"*",$J$21:INDIRECT(ADDRESS(MATCH("",$B:$B,-1),10,1,1)),"N/A") -> 14 | G13: =COUNTIFS($B$21:INDIRECT(ADDRESS(MATCH("",$B:$B,-1),2,1,1)),$A13&"*",$J$21:INDIRECT(ADDRESS(MATCH("",$B:$B,-1),10,1,1)),"Y") -> 12 | H13: =SUMIF($B$21:INDIRECT(ADDRESS(MATCH("",$B:$B,-1),2,1,1)),$A13&"*",$M$21:INDIRECT(ADDRESS(MATCH("",$B:$B,-1),13,1,1))) -> 42 | I13: =SUMIF($B$21:INDIRECT(ADDRESS(MATCH("",$B:$B,-1),2,1,1)),$A13&"*",$N$21:INDIRECT(ADDRESS(MATCH("",$B:$B,-1),14,1,1))) -> 36 | J13: =IF(F13=0, "N/A", (I13/H13)) -> 0.85714286
A14: U3 | C14: =VLOOKUP($A14,ChkList!$A$5:$B$44,2,FALSE) -> 서비스 관리 | E14: =COUNTIF($B$21:INDIRECT(ADDRESS(MATCH("",$B:$B,-1),2,1,1)),$A14&"*") -> 15 | F14: =$E14-COUNTIFS($B$21:INDIRECT(ADDRESS(MATCH("",$B:$B,-1),2,1,1)),$A14&"*",$J$21:INDIRECT(ADDRESS(MATCH("",$B:$B,-1),10,1,1)),"N/A") -> 15 | G14: =COUNTIFS($B$21:INDIRECT(ADDRESS(MATCH("",$B:$B,-1),2,1,1)),$A14&"*",$J$21:INDIRECT(ADDRESS(MATCH("",$B:$B,-1),10,1,1)),"Y") -> 15 | H14: =SUMIF($B$21:INDIRECT(ADDRESS(MATCH("",$B:$B,-1),2,1,1)),$A14&"*",$M$21:INDIRECT(ADDRESS(MATCH("",$B:$B,-1),13,1,1))) -> 45 | I14: =SUMIF($B$21:INDIRECT(ADDRESS(MATCH("",$B:$B,-1),2,1,1)),$A14&"*",$N$21:INDIRECT(ADDRESS(MATCH("",$B:$B,-1),14,1,1))) -> 45 | J14: =IF(F14=0, "N/A", (I14/H14)) -> 1
A15: U4 | C15: =VLOOKUP($A15,ChkList!$A$5:$B$44,2,FALSE) -> 패치 및 로그관리 | E15: =COUNTIF($B$21:INDIRECT(ADDRESS(MATCH("",$B:$B,-1),2,1,1)),$A15&"*") -> 2 | F15: =$E15-COUNTIFS($B$21:INDIRECT(ADDRESS(MATCH("",$B:$B,-1),2,1,1)),$A15&"*",$J$21:INDIRECT(ADDRESS(MATCH("",$B:$B,-1),10,1,1)),"N/A") -> 2 | G15: =COUNTIFS($B$21:INDIRECT(ADDRESS(MATCH("",$B:$B,-1),2,1,1)),$A15&"*",$J$21:INDIRECT(ADDRESS(MATCH("",$B:$B,-1),10,1,1)),"Y") -> 0 | H15: =SUMIF($B$21:INDIRECT(ADDRESS(MATCH("",$B:$B,-1),2,1,1)),$A15&"*",$M$21:INDIRECT(ADDRESS(MATCH("",$B:$B,-1),13,1,1))) -> 6 | I15: =SUMIF($B$21:INDIRECT(ADDRESS(MATCH("",$B:$B,-1),2,1,1)),$A15&"*",$N$21:INDIRECT(ADDRESS(MATCH("",$B:$B,-1),14,1,1))) -> 0 | J15: =IF(F15=0, "N/A", (I15/H15)) -> 0
A16: 전체 보안 수준 | E16: =SUM(E12:E15) -> 36 | F16: =SUM(F12:F15) -> 36 | G16: =SUM(G12:G15) -> 30 | H16: =SUM(H12:H15) -> 107 | I16: =SUM(I12:I15) -> 90 | J16: =IF(H16=0,"N/A",I16/H16) -> 0.8411215
A18: ② 상세 점검 현황 | L18: (양호: Y, 취약: N, 해당사항없음: N/A) | M18: HIDDEN 필드입니다
A19: 분류 | D19: 점검 항목 | I19: 중요도 | J19: 점검결과 | K19: 현황 | L19: 개선방안 | M19: 전체점수 | N19: 평가점수
A20: =$A$12 -> U1 | C20: =VLOOKUP($A12,ChkList!$A$5:$B$44,2,FALSE) -> 계정 관리
B21: U1-01 | C21: =ChkList!$B6 -> U-01 | D21: =ChkList!$C6 -> root 계정 원격 접속 제한 | I21: =ChkList!$D6 -> H | J21: =IF(IFERROR(FIND("[양호]",LEFT(K21,5)),0),"Y",IF(IFERROR(FIND("[취약]",LEFT(K21,5)),0),"N",IF(IFERROR(FIND("[N/A]",LEFT(K21,5)),0),"N/A","인터뷰"))) -> Y | K21: [양호] root 계정의 원격 접속 제한설정이 적용되어 있으므로 양호함 [현황] ------------- cat /etc/ssh/sshd_config | grep PermitRootLogin ------------- #PermitRootLogin prohibit-password PermitRootLogin no # the setting of "PermitRootLogin without-password". | L21: =IF(J21="N",ChkList!G6,"") | M21: =IF($J21="N/A",0,VLOOKUP($I21,ChkList!$A$47:$B$49,2,FALSE))*1 -> 3 | N21: =IFERROR(VLOOKUP($I21,ChkList!$A$47:$B$49,2,FALSE)*VLOOKUP($J21,ChkList!$A$52:$B$54,2,FALSE),0) -> 3
B22: U1-02 | C22: =ChkList!$B7 -> U-02 | D22: =ChkList!$C7 -> 패스워드 복잡성 설정 | I22: =ChkList!$D7 -> H | J22: =IF(IFERROR(FIND("[양호]",LEFT(K22,5)),0),"Y",IF(IFERROR(FIND("[취약]",LEFT(K22,5)),0),"N",IF(IFERROR(FIND("[N/A]",LEFT(K22,5)),0),"N/A","인터뷰"))) -> N | K22: [취약] 패스워드 복잡성을 적절하게 설정하고 있지 않으므로 취약함 [현황] ------------- cat /etc/pam.d/common-password ------------- # here are the per-package modules (the "Primary" block) password requisite pam_cracklib.so retry=3 minlen=8 difok=3 password [success=1 default=ignore] pam_unix.so obscure use_authtok try_first_pass sha512 # here's the fallback if no module succeeds password requisite pam_deny.so # prime the stack with a positive return value if there isn't one already; # this avoids us returning an error just because nothing sets a success code # since the modules above will each just jump around password required pam_permit.so # and here are more per-package modules (the "Additional" block) # end of pam-auth-update config | L22: =IF(J22="N",ChkList!G7,"") -> [CentOS 7이상] # vi /etc/pam.d/system-auth password requisite pam_pwquality.so try_first_pass enforce_for_root retry=5 type= minlen=9 lcredit=-1 ucredit=-1 dcredit=-1 ocredit=-1 [CentOS 6이하] # vi /etc/pam.d/system-auth password requisite pam_cracklib.so try_first_pass enforce_for_root retry=5 type= minlen=9 lcredit=-1 ucredit=-1 dcredit=-1 ocredit=-1 [Ubuntu, Debian] 1. libpam-pwquality 설치 # apt -y install libpam-pwquality 2. vi 편집기를 이용하여 설정 파일을 연 후 # vi /etc/pam.d/common-password 3. pam_pwquality.so 부분을 아래와 같이 설정(예시) password requisite pam_pwquality.so enforce_for_root retry=3 minlen=9 dcredit=-1 ucredit=-1 lcredit=-1 ocredit=-1 ※패스워드 복잡성 설정은 Debian 계열의 경우 common-password 파일 또는 pwquality.conf 파일, RedHat 계열의 경우 system-auth 파일 또는 pwquality.conf 파일 둘 중 한 곳에만 적용하면 되며, enforce_for_root 설정은 system-auth 파일에 적용해야 함 ***설정 시 모듈이 있는지 확인 필요*** [일반적으로 권장하는 패스워드 설정] 1. 패스워드의 길이는 최소 9자 이상으로 설정 2. 영문(대문자, 소문자), 숫자, 특수문자를 혼합하여 패스워드 설정 3. 패스워드는 주기적으로 변경하고, 재사용 금지 4. 사전에 있는 단어나 누구나 유추 가능한 간단한 패스워드 사용 금지 | M22: =IF($J22="N/A",0,VLOOKUP($I22,ChkList!$A$47:$B$49,2,FALSE))*1 -> 3 | N22: =IFERROR(VLOOKUP($I22,ChkList!$A$47:$B$49,2,FALSE)*VLOOKUP($J22,ChkList!$A$52:$B$54,2,FALSE),0) -> 0
B23: U1-03 | C23: =ChkList!$B8 -> U-03 | D23: =ChkList!$C8 -> 계정 잠금 임계값 설정 | I23: =ChkList!$D8 -> H | J23: =IF(IFERROR(FIND("[양호]",LEFT(K23,5)),0),"Y",IF(IFERROR(FIND("[취약]",LEFT(K23,5)),0),"N",IF(IFERROR(FIND("[N/A]",LEFT(K23,5)),0),"N/A","인터뷰"))) -> Y | K23: [양호] 계정잠금 임계값 설정이 적절(5회 이하)하므로 양호함 [현황] ------------- cat /etc/pam.d/common-auth | grep auth | grep required | grep deny= ------------- auth required pam_tally2.so onerr=fail deny=5 unlock_time=120 reset | L23: =IF(J23="N",ChkList!G8,"") | M23: =IF($J23="N/A",0,VLOOKUP($I23,ChkList!$A$47:$B$49,2,FALSE))*1 -> 3 | N23: =IFERROR(VLOOKUP($I23,ChkList!$A$47:$B$49,2,FALSE)*VLOOKUP($J23,ChkList!$A$52:$B$54,2,FALSE),0) -> 3
B24: U1-04 | C24: =ChkList!$B9 -> U-04 | D24: =ChkList!$C9 -> 패스워드 최대 사용 기간 설정 | I24: =ChkList!$D9 -> M | J24: =IF(IFERROR(FIND("[양호]",LEFT(K24,5)),0),"Y",IF(IFERROR(FIND("[취약]",LEFT(K24,5)),0),"N",IF(IFERROR(FIND("[N/A]",LEFT(K24,5)),0),"N/A","인터뷰"))) -> N | K24: [취약] 패스워드 최대 사용기간이 적절하게 설정되어 있지 않으므로 취약함 [현황] ------------- PASS_MAX_DAYS 설정 확인 ------------- PASS_MAX_DAYS 90 ------------- 각 계정별 설정 확인 ------------- root 99999 nbpmon 99999 | L24: =IF(J24="N",ChkList!G9,"") -> (User 생성시 적용) # vi /etc/login.defs PASS_MAX_DAYS 90 (현재 User의 최대 사용기간 적용) chage –M 90 <계정명> | M24: =IF($J24="N/A",0,VLOOKUP($I24,ChkList!$A$47:$B$49,2,FALSE))*1 -> 2 | N24: =IFERROR(VLOOKUP($I24,ChkList!$A$47:$B$49,2,FALSE)*VLOOKUP($J24,ChkList!$A$52:$B$54,2,FALSE),0) -> 0
B25: U1-05 | C25: =ChkList!$B10 -> U-05 | D25: =ChkList!$C10 -> 패스워드 파일 보호 | I25: =ChkList!$D10 -> H | J25: =IF(IFERROR(FIND("[양호]",LEFT(K25,5)),0),"Y",IF(IFERROR(FIND("[취약]",LEFT(K25,5)),0),"N",IF(IFERROR(FIND("[N/A]",LEFT(K25,5)),0),"N/A","인터뷰"))) -> Y | K25: [양호] shadow 파일에 패스워드를 저장하고 있으므로 양호함 [현황] ------------- ls -alL /etc/shadow ------------- -r-------- 1 root shadow 1111 Oct 22 16:07 /etc/shadow | L25: =IF(J25="N",ChkList!G10,"") | M25: =IF($J25="N/A",0,VLOOKUP($I25,ChkList!$A$47:$B$49,2,FALSE))*1 -> 3 | N25: =IFERROR(VLOOKUP($I25,ChkList!$A$47:$B$49,2,FALSE)*VLOOKUP($J25,ChkList!$A$52:$B$54,2,FALSE),0) -> 3
A26: =$A$13 -> U2 | C26: =VLOOKUP($A13,ChkList!$A$5:$B$44,2,FALSE) -> 파일 및 디렉토리 관리
B27: U2-01 | C27: =ChkList!$B12 -> U-06 | D27: =ChkList!$C12 -> root 홈, 패스 디렉터리 권한 및 패스 설정 | I27: =ChkList!$D12 -> H | J27: =IF(IFERROR(FIND("[양호]",LEFT(K27,5)),0),"Y",IF(IFERROR(FIND("[취약]",LEFT(K27,5)),0),"N",IF(IFERROR(FIND("[N/A]",LEFT(K27,5)),0),"N/A","인터뷰"))) -> Y | K27: [양호] PATH 설정에 '.' or '..'이 포함되어 있지 않으므로 양호함 [현황] /usr/local/sbin:/usr/local/bin:/usr/sbin:/usr/bin:/sbin:/bin:/usr/games:/usr/local/games:/snap/bin | L27: =IF(J27="N",ChkList!G12,"") | M27: =IF($J27="N/A",0,VLOOKUP($I27,ChkList!$A$47:$B$49,2,FALSE))*1 -> 3 | N27: =IFERROR(VLOOKUP($I27,ChkList!$A$47:$B$49,2,FALSE)*VLOOKUP($J27,ChkList!$A$52:$B$54,2,FALSE),0) -> 3
B28: U2-02 | C28: =ChkList!$B13 -> U-07 | D28: =ChkList!$C13 -> 파일 및 디렉터리 소유자 설정 | I28: =ChkList!$D13 -> H | J28: =IF(IFERROR(FIND("[양호]",LEFT(K28,5)),0),"Y",IF(IFERROR(FIND("[취약]",LEFT(K28,5)),0),"N",IF(IFERROR(FIND("[N/A]",LEFT(K28,5)),0),"N/A","인터뷰"))) -> Y | K28: [양호] 소유자나 그룹이 존재하지 않는 파일 및 디렉터리가 없으므로 양호함 [현황] ------------- 소유자나 그룹이 존재하지 않는 파일 및 디렉터리 확인 ------------- 해당사항 없음 | L28: =IF(J28="N",ChkList!G13,"") | M28: =IF($J28="N/A",0,VLOOKUP($I28,ChkList!$A$47:$B$49,2,FALSE))*1 -> 3 | N28: =IFERROR(VLOOKUP($I28,ChkList!$A$47:$B$49,2,FALSE)*VLOOKUP($J28,ChkList!$A$52:$B$54,2,FALSE),0) -> 3
B29: U2-03 | C29: =ChkList!$B14 -> U-08 | D29: =ChkList!$C14 -> /etc/passwd 파일 소유자 및 권한 설정 | I29: =ChkList!$D14 -> H | J29: =IF(IFERROR(FIND("[양호]",LEFT(K29,5)),0),"Y",IF(IFERROR(FIND("[취약]",LEFT(K29,5)),0),"N",IF(IFERROR(FIND("[N/A]",LEFT(K29,5)),0),"N/A","인터뷰"))) -> Y | K29: [양호] /etc/passwd 파일의 퍼미션이 644이하이므로 양호함 [현황] ------------- /etc/passwd 파일 소유자 및 권한 확인 ------------- -rw-r--r-- 1 root root 1776 Oct 22 16:07 /etc/passwd | L29: =IF(J29="N",ChkList!G14,"") | M29: =IF($J29="N/A",0,VLOOKUP($I29,ChkList!$A$47:$B$49,2,FALSE))*1 -> 3 | N29: =IFERROR(VLOOKUP($I29,ChkList!$A$47:$B$49,2,FALSE)*VLOOKUP($J29,ChkList!$A$52:$B$54,2,FALSE),0) -> 3
B30: U2-04 | C30: =ChkList!$B15 -> U-09 | D30: =ChkList!$C15 -> /etc/shadow 파일 소유자 및 권한 설정 | I30: =ChkList!$D15 -> H | J30: =IF(IFERROR(FIND("[양호]",LEFT(K30,5)),0),"Y",IF(IFERROR(FIND("[취약]",LEFT(K30,5)),0),"N",IF(IFERROR(FIND("[N/A]",LEFT(K30,5)),0),"N/A","인터뷰"))) -> Y | K30: [양호] /etc/shadow 파일의 퍼미션이 400이하이므로 양호함 [현황] ------------- /etc/shadow 파일 소유자 및 권한 확인 ------------- -r-------- 1 root shadow 1111 Oct 22 16:07 /etc/shadow | L30: =IF(J30="N",ChkList!G15,"") | M30: =IF($J30="N/A",0,VLOOKUP($I30,ChkList!$A$47:$B$49,2,FALSE))*1 -> 3 | N30: =IFERROR(VLOOKUP($I30,ChkList!$A$47:$B$49,2,FALSE)*VLOOKUP($J30,ChkList!$A$52:$B$54,2,FALSE),0) -> 3
B31: U2-05 | C31: =ChkList!$B16 -> U-10 | D31: =ChkList!$C16 -> /etc/hosts 파일 소유자 및 권한 설정 | I31: =ChkList!$D16 -> H | J31: =IF(IFERROR(FIND("[양호]",LEFT(K31,5)),0),"Y",IF(IFERROR(FIND("[취약]",LEFT(K31,5)),0),"N",IF(IFERROR(FIND("[N/A]",LEFT(K31,5)),0),"N/A","인터뷰"))) -> Y | K31: [양호] /etc/hosts 파일의 퍼미션이 644이하이므로 양호함 [현황] ------------- /etc/hosts 파일 소유자 및 권한 확인 ------------- -rw-r--r-- 1 root root 357 Oct 22 16:07 /etc/hosts | L31: =IF(J31="N",ChkList!G16,"") | M31: =IF($J31="N/A",0,VLOOKUP($I31,ChkList!$A$47:$B$49,2,FALSE))*1 -> 3 | N31: =IFERROR(VLOOKUP($I31,ChkList!$A$47:$B$49,2,FALSE)*VLOOKUP($J31,ChkList!$A$52:$B$54,2,FALSE),0) -> 3
B32: U2-06 | C32: =ChkList!$B17 -> U-11 | D32: =ChkList!$C17 -> /etc/(x)inetd.conf 파일 소유자 및 권한 설정 | I32: =ChkList!$D17 -> H | J32: =IF(IFERROR(FIND("[양호]",LEFT(K32,5)),0),"Y",IF(IFERROR(FIND("[취약]",LEFT(K32,5)),0),"N",IF(IFERROR(FIND("[N/A]",LEFT(K32,5)),0),"N/A","인터뷰"))) -> Y | K32: [양호] /etc/(x)inetd.conf 파일이 존재하지 않으므로 양호처리 함 | L32: =IF(J32="N",ChkList!G17,"") | M32: =IF($J32="N/A",0,VLOOKUP($I32,ChkList!$A$47:$B$49,2,FALSE))*1 -> 3 | N32: =IFERROR(VLOOKUP($I32,ChkList!$A$47:$B$49,2,FALSE)*VLOOKUP($J32,ChkList!$A$52:$B$54,2,FALSE),0) -> 3
B33: U2-07 | C33: =ChkList!$B18 -> U-12 | D33: =ChkList!$C18 -> /etc/syslog.conf 파일 소유자 및 권한 설정 | I33: =ChkList!$D18 -> H | J33: =IF(IFERROR(FIND("[양호]",LEFT(K33,5)),0),"Y",IF(IFERROR(FIND("[취약]",LEFT(K33,5)),0),"N",IF(IFERROR(FIND("[N/A]",LEFT(K33,5)),0),"N/A","인터뷰"))) -> Y | K33: [양호] /etc/rsyslog.conf 파일의 퍼미션이 644이하이므로 양호함 [현황] ------------- /etc/rsyslog.conf 파일 소유자 및 권한 설정 ------------- -rw-r--r-- 1 root root 1382 Feb 12 2020 /etc/rsyslog.conf | L33: =IF(J33="N",ChkList!G18,"") | M33: =IF($J33="N/A",0,VLOOKUP($I33,ChkList!$A$47:$B$49,2,FALSE))*1 -> 3 | N33: =IFERROR(VLOOKUP($I33,ChkList!$A$47:$B$49,2,FALSE)*VLOOKUP($J33,ChkList!$A$52:$B$54,2,FALSE),0) -> 3
B34: U2-08 | C34: =ChkList!$B19 -> U-13 | D34: =ChkList!$C19 -> /etc/services 파일 소유자 및 권한 설정 | I34: =ChkList!$D19 -> H | J34: =IF(IFERROR(FIND("[양호]",LEFT(K34,5)),0),"Y",IF(IFERROR(FIND("[취약]",LEFT(K34,5)),0),"N",IF(IFERROR(FIND("[N/A]",LEFT(K34,5)),0),"N/A","인터뷰"))) -> Y | K34: [양호] /etc/services 파일의 퍼미션이 644이하이므로 양호함 [현황] ------------- /etc/services 파일 소유자 및 권한 확인 ------------- -rw-r--r-- 1 root root 14464 Feb 17 2020 /etc/services | L34: =IF(J34="N",ChkList!G19,"") | M34: =IF($J34="N/A",0,VLOOKUP($I34,ChkList!$A$47:$B$49,2,FALSE))*1 -> 3 | N34: =IFERROR(VLOOKUP($I34,ChkList!$A$47:$B$49,2,FALSE)*VLOOKUP($J34,ChkList!$A$52:$B$54,2,FALSE),0) -> 3
B35: U2-09 | C35: =ChkList!$B20 -> U-14 | D35: =ChkList!$C20 -> SUID, SGID, Sticky bit 설정 파일 점검 | I35: =ChkList!$D20 -> H | J35: =IF(IFERROR(FIND("[양호]",LEFT(K35,5)),0),"Y",IF(IFERROR(FIND("[취약]",LEFT(K35,5)),0),"N",IF(IFERROR(FIND("[N/A]",LEFT(K35,5)),0),"N/A","인터뷰"))) -> Y | K35: [양호] 주요 파일의 권한에 SUID/SGID에 대한 설정이 부여되어 있지 않으므로 양호함 [현황] ------------- 주요 파일의 SUID/SGID 설정 확인 ------------- SUID/SGID가 설정된 주요파일이 존재하지 않음 | L35: =IF(J35="N",ChkList!G20,"") | M35: =IF($J35="N/A",0,VLOOKUP($I35,ChkList!$A$47:$B$49,2,FALSE))*1 -> 3 | N35: =IFERROR(VLOOKUP($I35,ChkList!$A$47:$B$49,2,FALSE)*VLOOKUP($J35,ChkList!$A$52:$B$54,2,FALSE),0) -> 3
B36: U2-10 | C36: =ChkList!$B21 -> U-15 | D36: =ChkList!$C21 -> 사용자, 시스템 시작파일 및 환경파일 소유자 및 권한 설정 | I36: =ChkList!$D21 -> H | J36: =IF(IFERROR(FIND("[양호]",LEFT(K36,5)),0),"Y",IF(IFERROR(FIND("[취약]",LEFT(K36,5)),0),"N",IF(IFERROR(FIND("[N/A]",LEFT(K36,5)),0),"N/A","인터뷰"))) -> Y | K36: [양호] 홈 디렉터리 환경변수 파일의 권한이 적절하므로 양호함 [현황] ------------- 나. 사용자 환경변수 파일의 권한 확인 ------------- -rw-r--r-- 1 nbpmon nbpmon 807 Feb 25 2020 /home1/nbpmon/.profile -rw-r--r-- 1 nbpmon nbpmon 3771 Feb 25 2020 /home1/nbpmon/.bashrc -rw-r--r-- 1 ncloud ncloud 807 Feb 25 2020 /home1/ncloud/.profile -rw-r--r-- 1 ncloud ncloud 3771 Feb 25 2020 /home1/ncloud/.bashrc -rw------- 1 ncloud ncloud 0 Nov 27 12:04 /home1/ncloud/.bash_history -rw-r--r-- 1 root root 161 Dec 5 2019 /root/.profile -rw-r--r-- 1 root root 3106 Dec 5 2019 /root/.bashrc -rw------- 1 root root 0 Nov 27 12:04 /root/.bash_history | L36: =IF(J36="N",ChkList!G21,"") | M36: =IF($J36="N/A",0,VLOOKUP($I36,ChkList!$A$47:$B$49,2,FALSE))*1 -> 3 | N36: =IFERROR(VLOOKUP($I36,ChkList!$A$47:$B$49,2,FALSE)*VLOOKUP($J36,ChkList!$A$52:$B$54,2,FALSE),0) -> 3
B37: U2-11 | C37: =ChkList!$B22 -> U-16 | D37: =ChkList!$C22 -> world writable 파일 점검 | I37: =ChkList!$D22 -> H | J37: =IF(IFERROR(FIND("[양호]",LEFT(K37,5)),0),"Y",IF(IFERROR(FIND("[취약]",LEFT(K37,5)),0),"N",IF(IFERROR(FIND("[N/A]",LEFT(K37,5)),0),"N/A","인터뷰"))) -> N | K37: [취약] world writable 파일이 존재하고 있으므로 취약함 [현황] /var/lib/kubelet/pods /var/lib/ncloud/exec/ncloud-userdata | L37: =IF(J37="N",ChkList!G22,"") -> 1. 검색된 파일 중 불필요한 파일 제거 및 권한 변경 #chmod o-w <file_name> #rm –rf <world-writable 파일명> | M37: =IF($J37="N/A",0,VLOOKUP($I37,ChkList!$A$47:$B$49,2,FALSE))*1 -> 3 | N37: =IFERROR(VLOOKUP($I37,ChkList!$A$47:$B$49,2,FALSE)*VLOOKUP($J37,ChkList!$A$52:$B$54,2,FALSE),0) -> 0
B38: U2-13 | C38: =ChkList!$B23 -> U-17 | D38: =ChkList!$C23 -> $HOME/.rhosts, hosts.equiv 사용 금지 | I38: =ChkList!$D23 -> H | J38: =IF(IFERROR(FIND("[양호]",LEFT(K38,5)),0),"Y",IF(IFERROR(FIND("[취약]",LEFT(K38,5)),0),"N",IF(IFERROR(FIND("[N/A]",LEFT(K38,5)),0),"N/A","인터뷰"))) -> Y | K38: [양호] R 서비스가 동작중이 아니므로 양호함 [현황] ------------- # 동작중인 R 서비스 ------------- 동작중인 R 서비스가 존재하지 않음 | L38: =IF(J38="N",ChkList!G23,"") | M38: =IF($J38="N/A",0,VLOOKUP($I38,ChkList!$A$47:$B$49,2,FALSE))*1 -> 3 | N38: =IFERROR(VLOOKUP($I38,ChkList!$A$47:$B$49,2,FALSE)*VLOOKUP($J38,ChkList!$A$52:$B$54,2,FALSE),0) -> 3
... B40: U2-15 | C40: =ChkList!$B25 -> U-19 | D40: =ChkList!$C25 -> cron 파일 소유자 및 권한 설정 | I40: =ChkList!$D25 -> H | J40: =IF(IFERROR(FIND("[양호]",LEFT(K40,5)),0),"Y",IF(IFERROR(FIND("[취약]",LEFT(K40,5)),0),"N",IF(IFERROR(FIND("[N/A]",LEFT(K40,5)),0),"N/A","인터뷰"))) -> Y | K40: [양호] cron 파일이 존재하지 않으므로 양호처리 함 | L40: =IF(J40="N",ChkList!G25,"") | M40: =IF($J40="N/A",0,VLOOKUP($I40,ChkList!$A$47:$B$49,2,FALSE))*1 -> 3 | N40: =IFERROR(VLOOKUP($I40,ChkList!$A$47:$B$49,2,FALSE)*VLOOKUP($J40,ChkList!$A$52:$B$54,2,FALSE),0) -> 3
A41: =$A$14 -> U3 | C41: =VLOOKUP($A14,ChkList!$A$5:$B$44,2,FALSE) -> 서비스 관리
B42: U3-01 | C42: =ChkList!$B27 -> U-20 | D42: =ChkList!$C27 -> Finger 서비스 비활성화 | I42: =ChkList!$D27 -> H | J42: =IF(IFERROR(FIND("[양호]",LEFT(K42,5)),0),"Y",IF(IFERROR(FIND("[취약]",LEFT(K42,5)),0),"N",IF(IFERROR(FIND("[N/A]",LEFT(K42,5)),0),"N/A","인터뷰"))) -> Y | K42: [양호] 현재 finger 서비스가 동작하지 않으므로 양호함 | L42: =IF(J42="N",ChkList!G27,"") | M42: =IF($J42="N/A",0,VLOOKUP($I42,ChkList!$A$47:$B$49,2,FALSE))*1 -> 3 | N42: =IFERROR(VLOOKUP($I42,ChkList!$A$47:$B$49,2,FALSE)*VLOOKUP($J42,ChkList!$A$52:$B$54,2,FALSE),0) -> 3
B43: U3-02 | C43: =ChkList!$B28 -> U-21 | D43: =ChkList!$C28 -> Anonymous FTP 비활성화 | I43: =ChkList!$D28 -> H | J43: =IF(IFERROR(FIND("[양호]",LEFT(K43,5)),0),"Y",IF(IFERROR(FIND("[취약]",LEFT(K43,5)),0),"N",IF(IFERROR(FIND("[N/A]",LEFT(K43,5)),0),"N/A","인터뷰"))) -> Y | K43: [양호] Anonymous FTP 차단하고 있으므로 양호함 | L43: =IF(J43="N",ChkList!G28,"") | M43: =IF($J43="N/A",0,VLOOKUP($I43,ChkList!$A$47:$B$49,2,FALSE))*1 -> 3 | N43: =IFERROR(VLOOKUP($I43,ChkList!$A$47:$B$49,2,FALSE)*VLOOKUP($J43,ChkList!$A$52:$B$54,2,FALSE),0) -> 3
B44: U3-03 | C44: =ChkList!$B29 -> U-22 | D44: =ChkList!$C29 -> r 계열 서비스 비활성화 | I44: =ChkList!$D29 -> H | J44: =IF(IFERROR(FIND("[양호]",LEFT(K44,5)),0),"Y",IF(IFERROR(FIND("[취약]",LEFT(K44,5)),0),"N",IF(IFERROR(FIND("[N/A]",LEFT(K44,5)),0),"N/A","인터뷰"))) -> Y | K44: [양호] 현재 rsh, rlogin, rexec 서비스가 동작하지 않으므로 양호함 | L44: =IF(J44="N",ChkList!G29,"") | M44: =IF($J44="N/A",0,VLOOKUP($I44,ChkList!$A$47:$B$49,2,FALSE))*1 -> 3 | N44: =IFERROR(VLOOKUP($I44,ChkList!$A$47:$B$49,2,FALSE)*VLOOKUP($J44,ChkList!$A$52:$B$54,2,FALSE),0) -> 3
B45: U3-05 | C45: =ChkList!$B30 -> U-23 | D45: =ChkList!$C30 -> DoS 공격에 취약한 서비스 비활성화 | I45: =ChkList!$D30 -> H | J45: =IF(IFERROR(FIND("[양호]",LEFT(K45,5)),0),"Y",IF(IFERROR(FIND("[취약]",LEFT(K45,5)),0),"N",IF(IFERROR(FIND("[N/A]",LEFT(K45,5)),0),"N/A","인터뷰"))) -> Y | K45: [양호] echo, discard, daytime, chargen 서비스가 동작하지 않으므로 양호함 | L45: =IF(J45="N",ChkList!G30,"") | M45: =IF($J45="N/A",0,VLOOKUP($I45,ChkList!$A$47:$B$49,2,FALSE))*1 -> 3 | N45: =IFERROR(VLOOKUP($I45,ChkList!$A$47:$B$49,2,FALSE)*VLOOKUP($J45,ChkList!$A$52:$B$54,2,FALSE),0) -> 3
B46: U3-06 | C46: =ChkList!$B31 -> U-24 | D46: =ChkList!$C31 -> NFS 서비스 비활성화 | I46: =ChkList!$D31 -> H | J46: =IF(IFERROR(FIND("[양호]",LEFT(K46,5)),0),"Y",IF(IFERROR(FIND("[취약]",LEFT(K46,5)),0),"N",IF(IFERROR(FIND("[N/A]",LEFT(K46,5)),0),"N/A","인터뷰"))) -> Y | K46: [양호] 현재 NFS 서비스를 사용중이지 않으므로 양호함 | L46: =IF(J46="N",ChkList!G31,"") | M46: =IF($J46="N/A",0,VLOOKUP($I46,ChkList!$A$47:$B$49,2,FALSE))*1 -> 3 | N46: =IFERROR(VLOOKUP($I46,ChkList!$A$47:$B$49,2,FALSE)*VLOOKUP($J46,ChkList!$A$52:$B$54,2,FALSE),0) -> 3
B47: U3-07 | C47: =ChkList!$B32 -> U-25 | D47: =ChkList!$C32 -> NFS 접근통제 | I47: =ChkList!$D32 -> H | J47: =IF(IFERROR(FIND("[양호]",LEFT(K47,5)),0),"Y",IF(IFERROR(FIND("[취약]",LEFT(K47,5)),0),"N",IF(IFERROR(FIND("[N/A]",LEFT(K47,5)),0),"N/A","인터뷰"))) -> Y | K47: [양호] NFS 서비스가 비활성화되어 있으므로 양호함 | L47: =IF(J47="N",ChkList!G32,"") | M47: =IF($J47="N/A",0,VLOOKUP($I47,ChkList!$A$47:$B$49,2,FALSE))*1 -> 3 | N47: =IFERROR(VLOOKUP($I47,ChkList!$A$47:$B$49,2,FALSE)*VLOOKUP($J47,ChkList!$A$52:$B$54,2,FALSE),0) -> 3
B48: U3-08 | C48: =ChkList!$B33 -> U-26 | D48: =ChkList!$C33 -> automountd 제거 | I48: =ChkList!$D33 -> H | J48: =IF(IFERROR(FIND("[양호]",LEFT(K48,5)),0),"Y",IF(IFERROR(FIND("[취약]",LEFT(K48,5)),0),"N",IF(IFERROR(FIND("[N/A]",LEFT(K48,5)),0),"N/A","인터뷰"))) -> Y | K48: [양호] automount 데몬이 동작중이지 않으므로 양호함 | L48: =IF(J48="N",ChkList!G33,"") | M48: =IF($J48="N/A",0,VLOOKUP($I48,ChkList!$A$47:$B$49,2,FALSE))*1 -> 3 | N48: =IFERROR(VLOOKUP($I48,ChkList!$A$47:$B$49,2,FALSE)*VLOOKUP($J48,ChkList!$A$52:$B$54,2,FALSE),0) -> 3
B49: U3-09 | C49: =ChkList!$B34 -> U-27 | D49: =ChkList!$C34 -> RPC 서비스 확인 | I49: =ChkList!$D34 -> H | J49: =IF(IFERROR(FIND("[양호]",LEFT(K49,5)),0),"Y",IF(IFERROR(FIND("[취약]",LEFT(K49,5)),0),"N",IF(IFERROR(FIND("[N/A]",LEFT(K49,5)),0),"N/A","인터뷰"))) -> Y | K49: [양호] 현재 RPC 서비스가 동작하지 않으므로 양호함 | L49: =IF(J49="N",ChkList!G34,"") | M49: =IF($J49="N/A",0,VLOOKUP($I49,ChkList!$A$47:$B$49,2,FALSE))*1 -> 3 | N49: =IFERROR(VLOOKUP($I49,ChkList!$A$47:$B$49,2,FALSE)*VLOOKUP($J49,ChkList!$A$52:$B$54,2,FALSE),0) -> 3
B50: U3-10 | C50: =ChkList!$B35 -> U-28 | D50: =ChkList!$C35 -> NIS, NIS+ 점검 | I50: =ChkList!$D35 -> H | J50: =IF(IFERROR(FIND("[양호]",LEFT(K50,5)),0),"Y",IF(IFERROR(FIND("[취약]",LEFT(K50,5)),0),"N",IF(IFERROR(FIND("[N/A]",LEFT(K50,5)),0),"N/A","인터뷰"))) -> Y | K50: [양호] NIS , NIS+ 서비스가 동작중이지 않으므로 양호함 | L50: =IF(J50="N",ChkList!G35,"") | M50: =IF($J50="N/A",0,VLOOKUP($I50,ChkList!$A$47:$B$49,2,FALSE))*1 -> 3 | N50: =IFERROR(VLOOKUP($I50,ChkList!$A$47:$B$49,2,FALSE)*VLOOKUP($J50,ChkList!$A$52:$B$54,2,FALSE),0) -> 3
B51: U3-11 | C51: =ChkList!$B36 -> U-29 | D51: =ChkList!$C36 -> tftp, talk 서비스 비활성화 | I51: =ChkList!$D36 -> H | J51: =IF(IFERROR(FIND("[양호]",LEFT(K51,5)),0),"Y",IF(IFERROR(FIND("[취약]",LEFT(K51,5)),0),"N",IF(IFERROR(FIND("[N/A]",LEFT(K51,5)),0),"N/A","인터뷰"))) -> Y | K51: [양호] tftp, talk 서비스가 동작하지 않으므로 양호함 | L51: =IF(J51="N",ChkList!G36,"") | M51: =IF($J51="N/A",0,VLOOKUP($I51,ChkList!$A$47:$B$49,2,FALSE))*1 -> 3 | N51: =IFERROR(VLOOKUP($I51,ChkList!$A$47:$B$49,2,FALSE)*VLOOKUP($J51,ChkList!$A$52:$B$54,2,FALSE),0) -> 3
B52: U3-12 | C52: =ChkList!$B37 -> U-30 | D52: =ChkList!$C37 -> Sendmail 버전 점검 | I52: =ChkList!$D37 -> H | J52: =IF(IFERROR(FIND("[양호]",LEFT(K52,5)),0),"Y",IF(IFERROR(FIND("[취약]",LEFT(K52,5)),0),"N",IF(IFERROR(FIND("[N/A]",LEFT(K52,5)),0),"N/A","인터뷰"))) -> Y | K52: [양호] Sendmail 서비스가 동작중이지 않으므로 양호함 | L52: =IF(J52="N",ChkList!G37,"") | M52: =IF($J52="N/A",0,VLOOKUP($I52,ChkList!$A$47:$B$49,2,FALSE))*1 -> 3 | N52: =IFERROR(VLOOKUP($I52,ChkList!$A$47:$B$49,2,FALSE)*VLOOKUP($J52,ChkList!$A$52:$B$54,2,FALSE),0) -> 3
B53: U3-13 | C53: =ChkList!$B38 -> U-31 | D53: =ChkList!$C38 -> 스팸 메일 릴레이 제한 | I53: =ChkList!$D38 -> H | J53: =IF(IFERROR(FIND("[양호]",LEFT(K53,5)),0),"Y",IF(IFERROR(FIND("[취약]",LEFT(K53,5)),0),"N",IF(IFERROR(FIND("[N/A]",LEFT(K53,5)),0),"N/A","인터뷰"))) -> Y | K53: [양호] Sendmail 서비스가 동작중이지 않으므로 양호함 | L53: =IF(J53="N",ChkList!G38,"") | M53: =IF($J53="N/A",0,VLOOKUP($I53,ChkList!$A$47:$B$49,2,FALSE))*1 -> 3 | N53: =IFERROR(VLOOKUP($I53,ChkList!$A$47:$B$49,2,FALSE)*VLOOKUP($J53,ChkList!$A$52:$B$54,2,FALSE),0) -> 3
... B56: U3-16 | C56: =ChkList!$B41 -> U-34 | D56: =ChkList!$C41 -> DNS ZoneTransfer 설정 | I56: =ChkList!$D41 -> H | J56: =IF(IFERROR(FIND("[양호]",LEFT(K56,5)),0),"Y",IF(IFERROR(FIND("[취약]",LEFT(K56,5)),0),"N",IF(IFERROR(FIND("[N/A]",LEFT(K56,5)),0),"N/A","인터뷰"))) -> Y | K56: [양호] DNS 서비스를 사용하지 않으므로 양호함 | L56: =IF(J56="N",ChkList!G41,"") | M56: =IF($J56="N/A",0,VLOOKUP($I56,ChkList!$A$47:$B$49,2,FALSE))*1 -> 3 | N56: =IFERROR(VLOOKUP($I56,ChkList!$A$47:$B$49,2,FALSE)*VLOOKUP($J56,ChkList!$A$52:$B$54,2,FALSE),0) -> 3
A57: =$A$15 -> U4 | C57: =VLOOKUP($A15,ChkList!$A$5:$B$44,2,FALSE) -> 패치 및 로그관리
B58: U4-01 | C58: =ChkList!$B43 -> U-35 | D58: =ChkList!$C43 -> 최신 보안패치 및 벤더 권고사항 적용 | I58: =ChkList!$D43 -> H | J58: =IF(IFERROR(FIND("[양호]",LEFT(K58,5)),0),"Y",IF(IFERROR(FIND("[취약]",LEFT(K58,5)),0),"N",IF(IFERROR(FIND("[N/A]",LEFT(K58,5)),0),"N/A","인터뷰"))) -> N | K58: [취약] 취약점이 존재하는 버전을 사용중이므로 취약함 [현황] ------------- Linux Version ------------- DISTRIB_ID=Ubuntu DISTRIB_RELEASE=20.04 DISTRIB_CODENAME=focal DISTRIB_DESCRIPTION="Ubuntu 20.04.3 LTS" NAME="Ubuntu" VERSION="20.04.3 LTS (Focal Fossa)" ID=ubuntu ID_LIKE=debian PRETTY_NAME="Ubuntu 20.04.3 LTS" VERSION_ID="20.04" HOME_URL="https://www.ubuntu.com/" SUPPORT_URL="https://help.ubuntu.com/" BUG_REPORT_URL="https://bugs.launchpad.net/ubuntu/" PRIVACY_POLICY_URL="https://www.ubuntu.com/legal/terms-and-policies/privacy-policy" VERSION_CODENAME=focal UBUNTU_CODENAME=focal ------------- Kernel Version ------------- 5.4.0-148-generic *5.4.0-167.184 이상 버전 권고(CVE-2023-45871, CVE-2023-31085) | L58: =IF(J58="N",ChkList!G43,"") -> ※ 설정 기준 권고 (또는 정책기준) 1. 보안 취약점이 발표되면 시스템 영향도를 평가하고, 긴급 대응책 및 중장기 대응책을 마련하여 계획과 허가에 의해 대응하는 것이 좋다. 2. 패치를 수행할 시 시스템의 영향도에 따라 패치를 차등 수행하도록 한다. 3. 시스템 운영에 영향을 주지 않는 범위 내에서 주기적으로 패치를 수행할 것을 권고함 | M58: =IF($J58="N/A",0,VLOOKUP($I58,ChkList!$A$47:$B$49,2,FALSE))*1 -> 3 | N58: =IFERROR(VLOOKUP($I58,ChkList!$A$47:$B$49,2,FALSE)*VLOOKUP($J58,ChkList!$A$52:$B$54,2,FALSE),0) -> 0
B59: U4-02 | C59: =ChkList!$B44 -> U-36 | D59: =ChkList!$C44 -> 로그의 정기적 검토 및 보고 | I59: =ChkList!$D44 -> H | J59: =IF(IFERROR(FIND("[양호]",LEFT(K59,5)),0),"Y",IF(IFERROR(FIND("[취약]",LEFT(K59,5)),0),"N",IF(IFERROR(FIND("[N/A]",LEFT(K59,5)),0),"N/A","인터뷰"))) -> N | K59: [취약] 로그를 정기적으로 검토 및 보고를 하고 있지 않으므로 취약함 [현황] 현재 로그 검토 및 보고 매커니즘이 설정되어 있지 않음 | L59: =IF(J59="N",ChkList!G44,"") -> ※ 로그파일에는 해킹의 흔적들이 남겨져 있을 수 있으므로, 다음과 같이 로그 파일의 백업에 대한 검토를 해야 함. 1. su 시도에 관한 로그 2. 반복적인 로그인 실패에 관한 로그 3. 로그인 거부 메세지에 관한 로그 4. 기본적 log 파일의 위치는 /var/adm, /var/log ※ 커널과 시스템에 관련된 로그 메시지들은 syslogd와 klogd 두개의 데몬에 의해서 /var/log/messages에 기록하게 됨. 이 파일을 분석함으로써 시스템을 항상 점검 관리해야 함. | M59: =IF($J59="N/A",0,VLOOKUP($I59,ChkList!$A$47:$B$49,2,FALSE))*1 -> 3 | N59: =IFERROR(VLOOKUP($I59,ChkList!$A$47:$B$49,2,FALSE)*VLOOKUP($J59,ChkList!$A$52:$B$54,2,FALSE),0) -> 0

Sheet U_006
A1: 장비별 상세 점검결과
A3: 1) 시스템 현황
A4: No | E4: =RIGHT(CELL("filename",E4),LEN(CELL("filename",E4))-FIND("]",CELL("filename",E4))) -> U_006 | G4: 호스트명 | I4: =IFERROR(VLOOKUP($E$4,자산목록!$A$1:$I$844,2,FALSE),"N/A") -> pcespg-web-admin-55845bc69b-nxztw
A5: SW 버전 | E5: =IFERROR(VLOOKUP($E$4,자산목록!$A$1:$I$851,4,FALSE),"N/A") & " " & IFERROR(VLOOKUP($E$4,자산목록!$A$1:$I$851,5,FALSE),"N/A") -> Debian GNU/Linux 12 | G5: IP | I5: =IFERROR(VLOOKUP($E$4,자산목록!$A$1:$I$844,3,FALSE),"N/A") -> 198.19.245.47
A6: 변경 SW 버전 | E6: =IFERROR(VLOOKUP($E$4,자산목록!$A$1:$I$844,6,FALSE),"N/A") -> - | G6: 담당자 | I6: =IFERROR(VLOOKUP($E$4,자산목록!$A$1:$I$844,9,FALSE),"N/A") -> 박영규
A8: 2) 점검 결과
A9: ① 부분별 점검 결과
A10: 분류 | E10: 항목 통계 | H10: 점검 점수
E11: 전체 | F11: 점검 | G11: 양호 | H11: 전체 | I11: 평가 | J11: 수준
